name,disease_class,description
Acquired immunodeficiency syndrome (AIDS),Certain infectious or parasitic diseases,"AIDS (Acquired Immunodeficiency Syndrome) is a chronic, potentially life-threatening condition caused by the human immunodeficiency virus (HIV)."
Chagas disease,Certain infectious or parasitic diseases,Chagas disease is a tropical parasitic disease caused by Trypanosoma cruzi.
COVID-19,Certain infectious or parasitic diseases,COVID-19 is a disease caused by infection with the SARS-CoV-2 virus.
genetic disease,Certain infectious or parasitic diseases,Genetic diseases are disorders caused by abnormalities in an individual's genome.
Hepatitis C virus infection,Certain infectious or parasitic diseases,Hepatitis C virus (HCV) infection is a viral infection that primarily affects the liver.
HIV infection,Certain infectious or parasitic diseases,Infection caused by the human immunodeficiency virus (HIV).
human cancer,Certain infectious or parasitic diseases,Human cancer is a disease characterized by uncontrolled cell growth and tumor formation.
human disease,Certain infectious or parasitic diseases,"Human diseases can be caused by mutations, including those attributable to retrotransposable elements."
human neoplasms,Certain infectious or parasitic diseases,"Human neoplasms refer to abnormal growths of tissue, which can be benign or malignant (cancerous)."
human tumors,Certain infectious or parasitic diseases,Human tumors are abnormal growths of tissue that can be benign or malignant (cancerous).
Influenza A virus infection,Certain infectious or parasitic diseases,Infection caused by the influenza A virus.
Long COVID-19,Certain infectious or parasitic diseases,Long COVID-19 is a post-infectious condition characterized by a group of severe neuro- and cardiovascular disorders following SARS-CoV-2 infection.
SARS-CoV-2 infection,Certain infectious or parasitic diseases,"Infection caused by the SARS-CoV-2 virus, including Delta and Omicron variants."
Sepsis,Certain infectious or parasitic diseases,Sepsis is a life-threatening condition caused by the body's extreme response to an infection.
Septic shock,Certain infectious or parasitic diseases,"Septic shock is a severe form of sepsis characterized by profound circulatory, cellular, and metabolic abnormalities."
sporadic diseases,Certain infectious or parasitic diseases,Sporadic diseases are caused by LINE-1 insertion into new genomic loci.
Transmissible spongiform encephalopathies,Certain infectious or parasitic diseases,"A group of progressive neurodegenerative disorders, including scrapie, attributed to prions."
22q11.2 deletion syndrome,Developmental anomalies,22q11.2 deletion syndrome (22qDS) is a disorder caused by a deletion of a small piece of chromosome 22.
Alport syndrome,Developmental anomalies,"Alport syndrome is a genetic disorder characterized by kidney disease, hearing loss, and eye abnormalities, often caused by mutations in collagen genes."
Androgen Insensitivity Syndrome (AIS),Developmental anomalies,"Androgen Insensitivity Syndrome is the most common cause of disorders of sex development in 46,XY individuals, resulting from impaired function of the androgen receptor."
Aneuploidy,Developmental anomalies,Aneuploidy is a chromosomal abnormality characterized by an abnormal number of chromosomes in a cell.
Angelman syndrome,Developmental anomalies,"Angelman syndrome is a genetic disorder that primarily affects the nervous system, causing developmental delays and neurological problems."
Charcot-Marie-Tooth type 1A,Developmental anomalies,Charcot-Marie-Tooth type 1A (CMT1A) is an inherited peripheral neuropathy caused by misalignment between the two elements of the CMT1A-REP binary repeat on chromosome 17p11.2-p12.
Chromosomal mosaicism,Developmental anomalies,Chromosomal mosaicism is a condition where an individual has two or more populations of cells with different chromosomal complements.
Chromothripsis,Developmental anomalies,Chromothripsis is a phenomenon where multiple localized double-stranded DNA breaks result in complex genomic rearrangements.
Floating Harbor syndrome,Developmental anomalies,"Floating Harbor syndrome is a neurodevelopmental disorder characterized by short stature, delayed bone age, expressive language delay, and distinctive facial features."
Hutchinson-Gilford progeria syndrome,Developmental anomalies,"A rare genetic disorder characterized by accelerated aging, caused by mutations leading to progerin expression."
Kagami-Ogata syndrome,Developmental anomalies,Kagami-Ogata syndrome is a genomic imprinting disease caused by paternal duplication of human chromosome 14.
NF1 deletion,Developmental anomalies,"NF1 deletion refers to large genomic copy number changes involving the NF1 gene, which can cause neurofibromatosis type 1."
NF1 mutations,Developmental anomalies,"Mutations in the NF1 gene, which can cause neurofibromatosis type 1, an inherited disorder."
Partial Androgen Insensitivity Syndrome (PAIS),Developmental anomalies,"Partial Androgen Insensitivity Syndrome is a disorder of sex development in 46,XY individuals characterized by undervirilization of external genitalia due to impaired androgen receptor function."
premature chromatid separation (PCS)/mosaic variegated aneuploidy (MVA) syndrome,Developmental anomalies,"A genetic disorder characterized by premature separation of sister chromatids and mosaic aneuploidy, often associated with BUB1B gene mutations."
Temple syndrome,Developmental anomalies,Temple syndrome is a genomic imprinting disease caused by maternal duplication of human chromosome 14.
Williams syndrome,Developmental anomalies,"Williams syndrome is a developmental disorder that affects many parts of the body, characterized by mild to moderate intellectual disability or learning problems."
Williams-Beuren syndrome,Developmental anomalies,Williams-Beuren syndrome is a developmental disorder caused by a microdeletion on chromosome 7q11.23.
Duchenne/Becker muscular dystrophy (DMD/BMD),Diseases of neuromuscular junction or muscle,Duchenne/Becker muscular dystrophy (DMD/BMD) is a genetic disorder caused by mutations in the dystrophin gene.
beta-thalassemia,Diseases of the blood or blood-forming organs,beta-thalassemia is a blood disorder caused by mutations in the beta-globin gene.
congenital thrombophilia,Diseases of the blood or blood-forming organs,Congenital thrombophilia refers to inherited conditions that increase the tendency to form abnormal blood clots.
Dihydropyrimidine dehydrogenase deficiency,Diseases of the blood or blood-forming organs,"Dihydropyrimidine dehydrogenase deficiency is a metabolic disorder affecting the breakdown of pyrimidines, leading to severe toxicity to the antineoplastic drug 5-fluorouracil (5-FU)."
drug addiction,Diseases of the blood or blood-forming organs,"Drug addiction is a chronic, relapsing disorder characterized by compulsive drug seeking and use despite harmful consequences."
Fanconi anemia,Diseases of the blood or blood-forming organs,"Fanconi anemia is a genetic disorder characterized by bone marrow failure and increased cancer risk, associated with defects in DNA crosslink repair."
Fanconi anemia neuroinflammatory syndrome (FANS),Diseases of the blood or blood-forming organs,Fanconi anemia neuroinflammatory syndrome is a neuroinflammatory condition associated with Fanconi anemia.
Haemophilia A,Diseases of the blood or blood-forming organs,Haemophilia A is an inherited bleeding disorder caused by a deficiency of coagulation factor VIII.
hemoglobinopathies,Diseases of the blood or blood-forming organs,Hemoglobinopathies are a group of inherited disorders affecting the structure or production of hemoglobin.
Hemolytic anemia,Diseases of the blood or blood-forming organs,Hemolytic anemia is a condition characterized by the premature destruction of red blood cells.
hemophilia,Diseases of the blood or blood-forming organs,Hemophilia is a group of inherited bleeding disorders in which the blood does not clot properly.
Hemophilia A,Diseases of the blood or blood-forming organs,Hemophilia A is an inherited bleeding disorder caused by a deficiency of coagulation factor VIII.
Hemophilia B,Diseases of the blood or blood-forming organs,Hemophilia B is an inherited bleeding disorder caused by a deficiency of coagulation factor IX.
sickle cell disease,Diseases of the blood or blood-forming organs,Sickle cell disease is a genetic blood disorder characterized by abnormal hemoglobin and sickle-shaped red blood cells.
β-thalassemia,Diseases of the blood or blood-forming organs,"β-thalassemia is one of the most common genetic diseases worldwide, caused by mutations in the human hemoglobin beta (HBB) gene."
Abdominal aortic aneurysm,Diseases of the circulatory system,Abdominal aortic aneurysm is a multi-factorial disease characterized by a localized enlargement of the abdominal aorta.
adriamycin cardiomyopathy,Diseases of the circulatory system,"Adriamycin cardiomyopathy is a lethal heart disease characterized by congestive heart failure, often caused by the chemotherapeutic agent adriamycin."
cardiomyopathy,Diseases of the circulatory system,Cardiomyopathy refers to diseases of the heart muscle that make it harder for the heart to pump blood to the rest of the body.
Cardiovascular disease,Diseases of the circulatory system,Cardiovascular disease (CVD) refers to a class of diseases that involve the heart or blood vessels.
deep vein thrombosis,Diseases of the circulatory system,"Deep vein thrombosis is a condition where a blood clot forms in a deep vein, usually in the leg."
diseases of cardiovascular system,Diseases of the circulatory system,Diseases of the cardiovascular system include conditions affecting the heart and blood vessels.
high blood pressure,Diseases of the circulatory system,High blood pressure (hypertension) is a condition in which the force of the blood against the artery walls is too high.
Hypoxic pulmonary hypertension,Diseases of the circulatory system,Hypoxic pulmonary hypertension (HPH) is a complex vascular disease characterized by elevated pulmonary artery pressure due to chronic hypoxia.
Primary lymphoedema,Diseases of the circulatory system,Primary lymphoedema is a genetic disorder characterized by swelling due to impaired lymphatic system function.
X-linked dilated cardiomyopathy,Diseases of the circulatory system,X-linked dilated cardiomyopathy (XLDCM) is a clinical phenotype of dystrophinopathy characterized by preferential myocardial involvement without overt clinical signs of skeletal myopathy.
ageing,Diseases of the digestive system,"Ageing is the process of becoming older, associated with a decline in physiological functions."
aging,Diseases of the digestive system,"Aging is the process of becoming older, associated with a decline in biological functions and increased susceptibility to disease."
Alcohol-related liver disease,Diseases of the digestive system,Liver disease caused by alcohol consumption.
Barrett's esophagus,Diseases of the digestive system,Barrett's esophagus (BE) is a condition where the esophageal lining changes from stratified squamous epithelium to metaplastic columnar epithelium.
biliary atresia,Diseases of the digestive system,Biliary atresia is a rare disease of the liver and bile ducts that occurs in infants.
Coeliac disease,Diseases of the digestive system,Coeliac disease (CeD) is an immune-mediated disease triggered by an abnormal T-cell response to dietary gluten and a predisposing condition of small bowel adenocarcinoma.
colitis,Diseases of the digestive system,Inflammation of the colon.
common diseases,Diseases of the digestive system,Common diseases refer to prevalent health conditions affecting a significant portion of the population.
Complex diseases,Diseases of the digestive system,Complex diseases are disorders influenced by multiple genetic and environmental factors.
Crohn's disease,Diseases of the digestive system,Crohn's disease is a type of inflammatory bowel disease (IBD) that causes inflammation of the digestive tract.
Inflammatory Bowel Disease,Diseases of the digestive system,"Inflammatory Bowel Disease (IBD) is a group of chronic inflammatory conditions of the intestine, including Crohn's disease and ulcerative colitis."
Liver cirrhosis,Diseases of the digestive system,Liver cirrhosis is a chronic liver disease characterized by fibrosis and regenerative nodules.
Metabolic dysfunction-associated steatotic liver disease,Diseases of the digestive system,A liver disease characterized by steatosis associated with metabolic dysfunction.
ulcerative colitis,Diseases of the digestive system,Ulcerative colitis is an inflammatory bowel disease that causes inflammation and ulcers in the digestive tract.
Acute kidney injury,Diseases of the genitourinary system,Acute kidney injury (AKI) is a sudden episode of kidney failure or kidney damage that happens within a few hours or a few days.
Asthenozoospermia,Diseases of the genitourinary system,"Asthenozoospermia is a condition characterized by reduced sperm motility, often associated with male infertility."
Azoospermia,Diseases of the genitourinary system,"Azoospermia is a condition characterized by the absence of sperm in the semen, often associated with male infertility."
Azoospermia with meiotic arrest,Diseases of the genitourinary system,A condition characterized by the absence of sperm in semen due to a halt in the meiotic process during spermatogenesis.
cryptorchidism,Diseases of the genitourinary system,Cryptorchidism is a condition in which one or both testes fail to descend into the scrotum.
diseases of reproductive systems,Diseases of the genitourinary system,Diseases of the reproductive systems encompass disorders affecting male and female reproductive organs and functions.
disturbed spermatogenesis,Diseases of the genitourinary system,Disturbed spermatogenesis refers to abnormal or impaired sperm production.
Human male infertility,Diseases of the genitourinary system,Human male infertility is a condition characterized by the inability to achieve pregnancy due to impaired spermatogenesis.
hypospermatogenesis,Diseases of the genitourinary system,Hypospermatogenesis is a condition characterized by reduced sperm production in the testes.
infertility,Diseases of the genitourinary system,Infertility is a disease characterized by the inability to achieve pregnancy after regular unprotected sexual intercourse.
Male infertility,Diseases of the genitourinary system,"Male infertility refers to the inability of a male to achieve pregnancy in a fertile female partner, often due to defects in sperm production or function."
Meckel syndrome,Diseases of the genitourinary system,Meckel syndrome is a severe neurodevelopmental disorder associated with biallelic CC2D2A variants.
Meckel-Gruber syndrome,Diseases of the genitourinary system,Meckel-Gruber syndrome is a rare ciliopathy characterized by occipital encephalocele and cystic kidney disease.
non-obstructive azoospermia,Diseases of the genitourinary system,Non-obstructive azoospermia is a condition with no sperm in the ejaculate due to spermatogenic failure.
Oligozoospermia,Diseases of the genitourinary system,"Oligozoospermia is a condition characterized by a low sperm count in semen, often associated with male infertility."
Recurrent pregnancy loss (RPL),Diseases of the genitourinary system,Recurrent pregnancy loss (RPL) refers to the experience of multiple consecutive spontaneous abortions.
anti-tuberculosis drug-induced liver injury,Diseases of the immune system,Anti-tuberculosis drug-induced liver injury (ATDILI) is an adverse liver injury caused by anti-tuberculosis drugs.
Asthma,Diseases of the immune system,Asthma is a chronic respiratory disease characterized by airway inflammation and hyperresponsiveness.
ataxia telangiectasia,Diseases of the immune system,Ataxia telangiectasia is a rare neurodegenerative disorder characterized by progressive cerebellar ataxia.
autoimmune diseases,Diseases of the immune system,Autoimmune diseases are conditions in which the immune system mistakenly attacks the body's own tissues.
autoimmune disorders,Diseases of the immune system,Autoimmune disorders are conditions where the immune system mistakenly attacks the body's own tissues.
Autoimmunity,Diseases of the immune system,Autoimmunity refers to diseases where the immune system mistakenly attacks the body's own tissues.
autoinflammatory disorders,Diseases of the immune system,Autoinflammatory disorders are a group of diseases characterized by episodes of unprovoked inflammation due to dysregulation of the innate immune system.
Chronic granulomatous disease,Diseases of the immune system,"Chronic granulomatous disease (CGD) is a genetic disorder characterized by defects in neutrophil function, specifically impaired NADPH oxidase activity."
cutaneous sarcoidosis,Diseases of the immune system,Cutaneous sarcoidosis is a form of sarcoidosis affecting the skin.
dermatomyositis,Diseases of the immune system,Dermatomyositis is a systemic autoimmune disease characterized by muscle weakness and skin rash.
Mendelian disease,Diseases of the immune system,"Mendelian diseases are genetic disorders caused by mutations in a single gene, following Mendelian patterns of inheritance."
neurological disease,Diseases of the immune system,"Neurological diseases are disorders that affect the brain, spinal cord, and nerves."
pediatric systemic lupus erythematosus,Diseases of the immune system,Pediatric systemic lupus erythematosus (pSLE) is the onset of SLE in children and adolescents.
Primary immunodeficiency,Diseases of the immune system,Primary immunodeficiency refers to a group of disorders where part of the body's immune system is missing or does not function properly.
Rheumatoid arthritis,Diseases of the immune system,Rheumatoid arthritis is an autoimmune disease characterized by chronic inflammation of the joints.
sarcoid myopathy,Diseases of the immune system,Sarcoid myopathy is a muscle disease associated with sarcoidosis.
sarcoidosis,Diseases of the immune system,Sarcoidosis is a systemic inflammatory disease characterized by the formation of non-caseous granulomas.
systemic autoimmune disease,Diseases of the immune system,Systemic autoimmune diseases are conditions where the immune system mistakenly attacks the body's own tissues.
Systemic lupus erythematosus,Diseases of the immune system,Systemic lupus erythematosus is a chronic autoimmune disease that can affect various parts of the body.
X-linked agammaglobulinemia,Diseases of the immune system,X-linked agammaglobulinemia is an immunodeficiency disorder caused by mutations in the BTK gene.
disease,Diseases of the musculoskeletal system or connective tissue,"Disease refers to pathological conditions, with 96 instances caused by retrotransposon insertions."
dysplasia,Diseases of the musculoskeletal system or connective tissue,"Dysplasia is an abnormal growth or development of cells, often considered a pre-cancerous condition."
inflammation,Diseases of the musculoskeletal system or connective tissue,Inflammation is a biological response of the immune system to harmful stimuli.
Osteoarthritis,Diseases of the musculoskeletal system or connective tissue,A degenerative joint disease.
ALS with other neurological disorder,Diseases of the nervous system,ALS with other neurological disorder (ALSND) is a classification for individuals with ALS and additional neurological conditions.
Alzheimer's disease,Diseases of the nervous system,Alzheimer's disease is a progressive neurodegenerative disorder.
Amyotrophic lateral sclerosis (ALS),Diseases of the nervous system,Amyotrophic lateral sclerosis (ALS) is a neurodegenerative disease affecting motor neurons.
ataxia,Diseases of the nervous system,"Ataxia is a neurological sign consisting of lack of voluntary coordination of muscle movements, often associated with cerebellar dysfunction."
Becker muscular dystrophy,Diseases of the nervous system,"Becker muscular dystrophy (BMD) is an inherited muscle-wasting disorder, similar to Duchenne muscular dystrophy but typically with a later onset and milder course, also caused by mutations in the dystrophin gene."
brain disorders,Diseases of the nervous system,"A category of diseases affecting the brain, where the expression level and copy number of L1 are significantly increased."
Brainstem atrophy,Diseases of the nervous system,Brainstem atrophy is a neurodegenerative condition characterized by the loss of neurons and tissue in the brainstem.
C9orf72 gene-mutated ALS,Diseases of the nervous system,A form of amyotrophic lateral sclerosis associated with mutations in the C9orf72 gene.
cerebral ischemia,Diseases of the nervous system,Cerebral ischemia is a condition where there is insufficient blood flow to the brain to meet metabolic demand.
cerebral ischemia-reperfusion injury,Diseases of the nervous system,Cerebral ischemia-reperfusion injury refers to the paradoxical exacerbation of cellular dysfunction and death following the restoration of blood flow to previously ischemic brain tissue.
Charcot-Marie-Tooth disease,Diseases of the nervous system,Charcot-Marie-Tooth disease is a human genetic disease associated with molecular rearrangements.
Charcot-Marie-Tooth syndrome,Diseases of the nervous system,"Charcot-Marie-Tooth syndrome is a group of inherited disorders that cause nerve damage, primarily in the arms and legs."
Duchenne muscular dystrophy,Diseases of the nervous system,Duchenne muscular dystrophy is a severe type of muscular dystrophy.
Dystrophinopathy,Diseases of the nervous system,"A group of muscle diseases caused by mutations in the dystrophin gene, including Duchenne and Becker muscular dystrophy and X-linked dilated cardiomyopathy."
epilepsy,Diseases of the nervous system,Epilepsy is a neurological disorder characterized by recurrent seizures.
Facioscapulohumeral muscular dystrophy,Diseases of the nervous system,"Facioscapulohumeral muscular dystrophy is a genetic muscle disorder characterized by progressive weakness of facial, shoulder, and upper arm muscles."
frontotemporal degeneration,Diseases of the nervous system,Frontotemporal degeneration is a group of disorders caused by progressive nerve cell loss in the brain's frontal or temporal lobes.
Fukuyama congenital muscular dystrophy,Diseases of the nervous system,Fukuyama congenital muscular dystrophy (FCMD) is a severe form of muscular dystrophy characterized by brain structural anomalies and ocular complications due to neuronal migration disorders.
Fukuyama muscular dystrophy,Diseases of the nervous system,"Fukuyama muscular dystrophy (FCMD) is an autosomal recessive muscular dystrophy common in Japan, caused by a mutation in the fukutin gene."
Hemimegalencephaly,Diseases of the nervous system,Hemimegalencephaly is a rare neurological condition characterized by the overgrowth of one hemisphere of the brain.
hereditary diseases,Diseases of the nervous system,Many hereditary diseases are involved in pathogenesis affected by retrotransposition.
hereditary neuropathy with liability to pressure palsies,Diseases of the nervous system,Hereditary neuropathy with liability to pressure palsies (HNPP) is an inherited peripheral neuropathy caused by misalignment between the two elements of the CMT1A-REP binary repeat on chromosome 17p11.2-p12.
Hereditary Spastic Paraplegia,Diseases of the nervous system,Hereditary Spastic Paraplegia (HSP) is a group of inherited neurological disorders characterized by progressive lower limb spasticity and weakness.
HTLV-1-associated myelopathy/tropical spastic paraparesis (HAM/TSP),Diseases of the nervous system,"HAM/TSP is a chronic, progressive neurological disease associated with human T-cell lymphotropic virus type 1 (HTLV-1) infection."
human disorders,Diseases of the nervous system,Human disorders are conditions that can be caused or influenced by the mobilization of retrotransposons in the genome.
Huntington's disease,Diseases of the nervous system,Huntington's disease (HD) is a dominantly inherited neurodegenerative disorder caused by an expansion of a CAG repeat in the HTT gene.
hydrocephalus,Diseases of the nervous system,Hydrocephalus is a condition characterized by an abnormal accumulation of cerebrospinal fluid in the brain.
idiopathic temporal lobe epilepsy,Diseases of the nervous system,"Idiopathic temporal lobe epilepsy (TLE) is a form of epilepsy with seizures originating in the temporal lobe, without a known structural cause."
microcephaly,Diseases of the nervous system,Microcephaly is a neurodevelopmental disorder characterized by a smaller than average head size.
Multiple sclerosis,Diseases of the nervous system,Multiple sclerosis is a neurological immune-driven disease of unknown etiology.
muscular dystrophy,Diseases of the nervous system,A group of genetic diseases characterized by progressive weakness and loss of muscle mass.
Myalgic Encephalomyelitis/Chronic Fatigue Syndrome,Diseases of the nervous system,"Myalgic Encephalomyelitis/Chronic Fatigue Syndrome is a complex, chronic illness characterized by extreme fatigue and other symptoms."
neural tube defect,Diseases of the nervous system,Neural tube defect (NTD) is a congenital malformation of the brain and spinal cord.
Neurodegenerative conditions,Diseases of the nervous system,Neurodegenerative conditions are disorders characterized by the progressive loss of structure or function of neurons.
neurodegenerative diseases of the motor neuron,Diseases of the nervous system,A group of diseases characterized by the progressive degeneration of motor neurons.
Neurodegenerative disorders,Diseases of the nervous system,Neurodegenerative disorders are a group of conditions characterized by the progressive loss of structure or function of neurons.
Neuropsychiatric conditions,Diseases of the nervous system,Neuropsychiatric conditions are disorders that involve both neurological and psychiatric symptoms.
neuropsychiatric disorders,Diseases of the nervous system,"Neuropsychiatric disorders are a class of mental disorders that involve disturbances in brain function affecting emotion, learning, memory, and behavior."
Paraneoplastic Disorder,Diseases of the nervous system,Paraneoplastic Disorder (PND) is a group of rare disorders triggered by an altered immune system response to a neoplasm.
Parkinson's disease,Diseases of the nervous system,Parkinson's disease (PD) is a progressive neurodegenerative disorder.
progressive supranuclear palsy,Diseases of the nervous system,Progressive supranuclear palsy is a neurodegenerative disease and a type of tauopathy.
relapsing-remitting multiple sclerosis,Diseases of the nervous system,Relapsing-remitting multiple sclerosis (RRMS) is a form of multiple sclerosis characterized by clearly defined attacks of new or increasing neurologic symptoms.
Rett syndrome,Diseases of the nervous system,Rett syndrome is a rare genetic neurological and developmental disorder that affects the way the brain develops.
Rhabdomyolysis,Diseases of the nervous system,"Rhabdomyolysis is a condition involving the breakdown of damaged skeletal muscle, which can lead to complications such as acute kidney injury."
Scrapie,Diseases of the nervous system,"A fatal neurodegenerative disease in sheep and goats, a member of the transmissible spongiform encephalopathies."
Spinal muscular atrophy,Diseases of the nervous system,Spinal muscular atrophy (SMA) is an autosomal recessive motor neuron disease.
Spinocerebellar ataxia type 10,Diseases of the nervous system,A neurodegenerative disorder caused by ATTCT repeat expansion in the ATXN10 gene.
spinocerebellar ataxia type 12,Diseases of the nervous system,Spinocerebellar ataxia type 12 (SCA12) is a neurodegenerative disorder caused by an expanded CAG repeat in the PPP2R2B gene.
X-linked dystonia parkinsonism (XDP),Diseases of the nervous system,"X-linked dystonia-parkinsonism (XDP, DYT3) is a neurodegenerative disorder characterized by the clinical onset with dystonia followed by parkinsonism, endemic in the Philippine island of Panay."
Alveolar capillary dysplasia with misalignment of pulmonary veins (ACDMPV),Diseases of the respiratory system,ACDMPV is a rare lethal neonatal developmental lung disorder caused by mutations or deletions of FOXF1 or its enhancer.
bronchitis,Diseases of the respiratory system,A chronic inflammatory lung disease.
chronic inflammation,Diseases of the respiratory system,Chronic inflammation is a prolonged and persistent inflammatory response.
Chronic obstructive pulmonary disease,Diseases of the respiratory system,Chronic obstructive pulmonary disease (COPD) is a complex lung disorder primarily caused by cigarette smoking.
Idiopathic Pulmonary Fibrosis,Diseases of the respiratory system,"Idiopathic Pulmonary Fibrosis (IPF) is a chronic, progressive lung disease characterized by excessive extracellular matrix deposition, myofibroblast foci, and alveolar epithelial cell hyperplasia."
age-associated disorders,Diseases of the skin,A broad category of diseases and conditions whose prevalence increases with aging.
autoimmune blistering disease,Diseases of the skin,"Autoimmune blistering disease is a group of disorders where the immune system attacks proteins in the skin, causing blistering."
Cockayne syndrome,Diseases of the skin,"Cockayne syndrome is a rare genetic disorder characterized by growth failure, impaired development of the nervous system, and sensitivity to sunlight."
Down syndrome,Diseases of the skin,Down syndrome (DS) is the most common chromosomal condition causing intellectual disability globally.
lichen simplex chronicus,Diseases of the skin,"Lichen simplex chronicus (LSC) is a chronic skin condition characterized by thickened, leathery skin due to repeated scratching or rubbing."
Monosomy X,Diseases of the skin,"Monosomy X, also known as Turner syndrome, is a chromosomal disorder in which a female is partly or completely missing an X chromosome."
neurological conditions,Diseases of the skin,"Disorders affecting the brain, spinal cord, and nerves."
Occipital horn syndrome,Diseases of the skin,Occipital horn syndrome (OHS) is an X-linked copper metabolism disorder caused by dysfunction of the copper transporter ATP7A.
premature aging syndromes,Diseases of the skin,Premature aging syndromes are genetic disorders characterized by accelerated aging phenotypes.
Trisomy,Diseases of the skin,Trisomy is a type of aneuploidy where there are three copies of a particular chromosome instead of the normal two.
Turner syndrome,Diseases of the skin,Turner syndrome is a chromosomal disorder characterized by the partial or complete absence of one X chromosome in females.
Waardenburg syndrome,Diseases of the skin,"Waardenburg syndrome is a genetic disorder characterized by sensorineural hearing loss and pigmentary abnormalities, often associated with neural crest cell defects."
age-related diseases,Diseases of the visual system,Age-related diseases are disorders whose incidence increases with advancing age.
age-related macular degeneration,Diseases of the visual system,"Age-related macular degeneration is a major cause of vision loss in older adults, involving damage to the macula of the retina."
ageing-related diseases,Diseases of the visual system,Ageing-related diseases are conditions whose incidence increases with age.
atrophic macular degeneration,Diseases of the visual system,Atrophic macular degeneration is a type of age-related macular degeneration characterized by the degeneration and atrophy of the retinal tissue.
Choroideremia,Diseases of the visual system,Choroideremia is an X-linked progressive eye disease.
diseases of visual system dysfunction,Diseases of the visual system,A broad category of disorders affecting the visual system.
geographic atrophy,Diseases of the visual system,Geographic atrophy is an advanced form of age-related macular degeneration characterized by progressive loss of retinal pigmented epithelium and photoreceptors.
glaucoma,Diseases of the visual system,"A group of eye conditions that damage the optic nerve, often associated with increased pressure in the eye."
Inherited retinal diseases (IRDs),Diseases of the visual system,Inherited retinal diseases (IRDs) are a group of genetic disorders that affect the retina and can lead to vision loss.
neurofibromatosis,Diseases of the visual system,Neurofibromatosis is a genetic disorder that causes tumors to form on nerve tissue.
retinal degenerations,Diseases of the visual system,A group of eye diseases characterized by the progressive loss of retinal cells.
Retinitis pigmentosa,Diseases of the visual system,Retinitis pigmentosa is a group of inherited degenerative retinal disorders.
retinitis pigmentosa-2,Diseases of the visual system,"Retinitis pigmentosa-2 is a form of retinitis pigmentosa, a group of inherited retinal degenerative diseases."
retinitis punctata albescens,Diseases of the visual system,A form of retinitis pigmentosa characterized by white dots in the retina.
X-linked retinitis pigmentosa 2,Diseases of the visual system,X-linked retinitis pigmentosa 2 is a form of progressive retinal degeneration caused by mutations in the RP2 gene.
Acrodermatitis enteropathica,"Endocrine, nutritional or metabolic diseases","Acrodermatitis enteropathica is a genetic disorder characterized by zinc deficiency, leading to dermatitis, alopecia, and diarrhea."
Aicardi-Goutières syndrome (AGS),"Endocrine, nutritional or metabolic diseases","Aicardi-Goutières syndrome (AGS) is a type I interferonopathy, an autoimmune disease affecting the brain."
Bardet-Biedl syndrome,"Endocrine, nutritional or metabolic diseases","Bardet-Biedl syndrome (BBS) is a ciliopathy characterized by retinitis pigmentosa, obesity, polydactyly, cognitive impairment and renal failure."
Canavan disease,"Endocrine, nutritional or metabolic diseases",Canavan disease is a rare autosomal recessive leukodystrophy caused by biallelic pathogenic variants in the ASPA gene.
Cystic fibrosis,"Endocrine, nutritional or metabolic diseases",Cystic fibrosis is a frequent inherited rare disease caused by mutations in the cystic fibrosis transmembrane conductance regulator gene.
diabetes mellitus,"Endocrine, nutritional or metabolic diseases",Diabetes mellitus (DM) is a metabolic disease characterized by high blood sugar levels.
Gitelman syndrome,"Endocrine, nutritional or metabolic diseases",Gitelman syndrome is an autosomal recessive renal tubulopathy characterized by hypokalemic metabolic alkalosis with hypocalciuria and hypomagnesemia.
Hunter syndrome,"Endocrine, nutritional or metabolic diseases",Hunter syndrome (Mucopolysaccharidosis type II) is a rare X-linked lysosomal storage disorder.
hypercholesterolemia,"Endocrine, nutritional or metabolic diseases",Hypercholesterolemia is a condition characterized by high levels of cholesterol in the blood.
inherited disease,"Endocrine, nutritional or metabolic diseases",Inherited disease refers to genetic disorders passed from parents to offspring.
Insulin-dependent diabetes mellitus,"Endocrine, nutritional or metabolic diseases",Insulin-dependent diabetes mellitus is an autoimmune disease characterized by the destruction of insulin-producing beta cells in the pancreas.
laminopathies,"Endocrine, nutritional or metabolic diseases",Laminopathies are a group of rare genetic disorders caused by mutations in genes encoding nuclear lamins or lamin-associated proteins.
Lipoprotein lipase deficiency,"Endocrine, nutritional or metabolic diseases",Lipoprotein lipase deficiency is a genetic disorder characterized by severe elevation in triacylglycerol levels.
metabolic disease,"Endocrine, nutritional or metabolic diseases",Metabolic disease refers to a class of disorders affecting the body's metabolism.
neurodegeneration,"Endocrine, nutritional or metabolic diseases","Neurodegeneration is the progressive loss of structure or function of neurons, including neuronal death."
neurodegenerative disease,"Endocrine, nutritional or metabolic diseases",Neurodegenerative diseases are conditions characterized by progressive loss of structure or function of neurons.
neutral lipid storage disease,"Endocrine, nutritional or metabolic diseases",Neutral lipid storage disease is a disorder characterized by the abnormal accumulation of triglycerides in cells.
NKX2-1-related disorder,"Endocrine, nutritional or metabolic diseases","NKX2-1-related disorder is a condition caused by heterozygous NKX2-1 loss-of-function variants, characterized by hyperkinetic movement disorders, pulmonary dysfunction, and hypothyroidism."
Prader-Willi syndrome,"Endocrine, nutritional or metabolic diseases","Prader-Willi syndrome is a complex genetic disorder affecting appetite, growth, metabolism, and cognitive function."
Pseudohypoparathyroidism type 1B (PHP1B),"Endocrine, nutritional or metabolic diseases","Pseudohypoparathyroidism type 1B is an imprinting disorder characterized by resistance to parathyroid hormone, often associated with loss of methylation at the GNAS locus."
pyruvate dehydrogenase complex deficiency,"Endocrine, nutritional or metabolic diseases",Pyruvate dehydrogenase complex (PDHc) deficiency is a genetic disorder affecting energy metabolism.
Pyruvate kinase deficiency,"Endocrine, nutritional or metabolic diseases",Pyruvate kinase deficiency (PKD) is the most frequent red blood cell enzyme abnormality of the glycolytic pathway and the most common cause of hereditary nonspherocytic hemolytic anemia.
Rotor syndrome,"Endocrine, nutritional or metabolic diseases","Rotor syndrome is a benign recessive disease characterized by conjugated hyperbilirubinemia, caused by the homozygous inactivation of the SLCO1B1 and SLCO1B3 genes."
Type 1 diabetes mellitus,"Endocrine, nutritional or metabolic diseases",Type 1 diabetes mellitus is an autoimmune disorder characterized by the destruction of insulin-producing beta cells in the pancreas.
type 2 diabetes (T2D),"Endocrine, nutritional or metabolic diseases",Type 2 diabetes is a chronic metabolic disorder characterized by insulin resistance and relative insulin deficiency.
type 2 diabetes mellitus,"Endocrine, nutritional or metabolic diseases",Type 2 diabetes mellitus (T2DM) is a chronic metabolic disorder characterized by insulin resistance and relative insulin deficiency.
X-linked Kallmann syndrome,"Endocrine, nutritional or metabolic diseases",X-linked Kallmann syndrome is a genetic disorder characterized by hypogonadotropic hypogonadism and anosmia.
α-1 antitrypsin deficiency,"Endocrine, nutritional or metabolic diseases",α-1 antitrypsin deficiency is a genetic disorder caused by mutations in the SERPINA1 gene.
Allergies,Factors influencing health status or contact with health services,Allergies are hypersensitivity disorders of the immune system to typically harmless substances in the environment.
addiction-related diseases,"Mental, behavioural or neurodevelopmental disorders","Addiction-related diseases are medical conditions associated with substance use disorders, such as those related to tobacco or alcohol."
autism,"Mental, behavioural or neurodevelopmental disorders","Autism is a neurodevelopmental disorder characterized by difficulties with social interaction and communication, and by restricted and repetitive behavior."
Autism spectrum disorder (ASD),"Mental, behavioural or neurodevelopmental disorders",Autism Spectrum Disorder is a complex neurodevelopmental condition characterized by challenges in social communication and repetitive behaviors.
bipolar disorder,"Mental, behavioural or neurodevelopmental disorders",Bipolar disorder is a mental health condition characterized by extreme mood swings that include emotional highs (mania or hypomania) and lows (depression).
C9orf72 ALS/FTLD,"Mental, behavioural or neurodevelopmental disorders",Amyotrophic lateral sclerosis and/or frontotemporal lobar degeneration associated with a repeat expansion in the C9orf72 gene.
C9orf72-mediated frontotemporal dementia,"Mental, behavioural or neurodevelopmental disorders",Frontotemporal dementia caused by the hexanucleotide repeat expansion within the C9orf72 gene.
cocaine addiction,"Mental, behavioural or neurodevelopmental disorders",Cocaine addiction (CA) is a substance use disorder characterized by compulsive cocaine seeking and use.
Dementia,"Mental, behavioural or neurodevelopmental disorders","Dementia is a syndrome characterized by a decline in cognitive function severe enough to interfere with daily life, often associated with Alzheimer's disease."
developmental disorders,"Mental, behavioural or neurodevelopmental disorders","Developmental disorders are a group of conditions that affect physical, learning, language, or behavioral development."
emotional disorders,"Mental, behavioural or neurodevelopmental disorders",Emotional disorders are a type of neurological condition for which LINE-1 has implications.
Frontotemporal dementia,"Mental, behavioural or neurodevelopmental disorders","A neurodegenerative disorder, with the C9orf72 hexanucleotide repeat expansion being its most common genetic cause."
Frontotemporal lobar degeneration (FTLD),"Mental, behavioural or neurodevelopmental disorders","Frontotemporal lobar degeneration (FTLD) is a group of disorders caused by progressive nerve cell loss in the brain's frontal or temporal lobes, affecting behavior, personality, and language."
HIV-associated neurocognitive disorder,"Mental, behavioural or neurodevelopmental disorders",HIV-associated neurocognitive disorder (HAND) is a spectrum of cognitive impairments associated with HIV infection.
Intellectual disability,"Mental, behavioural or neurodevelopmental disorders",Intellectual disability is a neurodevelopmental disorder characterized by limitations in intellectual functioning and adaptive behavior.
late-onset Alzheimer's disease,"Mental, behavioural or neurodevelopmental disorders",Late-onset Alzheimer's disease (LOAD) is an age-related neurodegenerative disorder.
major depression,"Mental, behavioural or neurodevelopmental disorders","Major depression is a common and serious mood disorder that causes severe symptoms affecting how you feel, think, and handle daily activities."
major depression disorder,"Mental, behavioural or neurodevelopmental disorders",Major depression disorder is a neurological disorder.
major depressive disorder,"Mental, behavioural or neurodevelopmental disorders",Major depressive disorder (MDD) is a neurological disorder.
Manic depression,"Mental, behavioural or neurodevelopmental disorders","Manic depression, also known as bipolar disorder, is a mental health condition that causes extreme mood swings that include emotional highs (mania or hypomania) and lows (depression)."
mental disorders,"Mental, behavioural or neurodevelopmental disorders","Mental disorders are a broad category of illnesses that affect mood, thinking, and behavior."
neurodevelopmental disabilities,"Mental, behavioural or neurodevelopmental disorders","Neurodevelopmental disabilities are disorders that affect brain function and development, often associated with preterm birth."
Neurodevelopmental diseases,"Mental, behavioural or neurodevelopmental disorders","Neurodevelopmental diseases are a group of conditions with onset in the developmental period, often leading to intellectual disability or other neurological impairments."
neurodevelopmental disorder,"Mental, behavioural or neurodevelopmental disorders","Neurodevelopmental disorders are a group of conditions with onset in the developmental period, characterized by deficits in personal, social, academic, or occupational functioning."
neurological disorders,"Mental, behavioural or neurodevelopmental disorders",Neurological disorders are diseases of the central and peripheral nervous system.
Opioid addiction,"Mental, behavioural or neurodevelopmental disorders","Opioid addiction is a chronic, relapsing disorder characterized by compulsive drug seeking and use despite harmful consequences."
Opioid physical dependence,"Mental, behavioural or neurodevelopmental disorders",Opioid physical dependence is a state of adaptation manifested by a withdrawal syndrome upon cessation of drug use.
post-traumatic stress disorder,"Mental, behavioural or neurodevelopmental disorders",Post-traumatic stress disorder is a neurological disorder.
pre-symptomatic dementia (PSD),"Mental, behavioural or neurodevelopmental disorders",Pre-symptomatic dementia refers to the stage of cognitive decline before the onset of overt clinical symptoms.
psychiatric disorders,"Mental, behavioural or neurodevelopmental disorders","A broad category of mental health conditions that affect mood, thinking, and behavior."
psychological disorders,"Mental, behavioural or neurodevelopmental disorders","Psychological disorders are mental health conditions characterized by abnormal thoughts, feelings, and behaviors."
schizophrenia,"Mental, behavioural or neurodevelopmental disorders","Schizophrenia is a chronic mental disorder characterized by distortions in thinking, perception, emotions, language, sense of self, and behavior."
Substance abuse disorders,"Mental, behavioural or neurodevelopmental disorders","Substance abuse disorders are conditions characterized by the harmful use of substances such as alcohol, drugs, or medications, leading to significant impairment or distress."
Substance-use disorders,"Mental, behavioural or neurodevelopmental disorders",Substance-use disorders are conditions characterized by the harmful use of psychoactive substances such as methamphetamine or cocaine.
Tauopathy,"Mental, behavioural or neurodevelopmental disorders",Tauopathy is a group of neurodegenerative disorders pathologically characterized by deposits of tau protein in the brain.
acute lymphoblastic leukemia,Neoplasms,Acute lymphoblastic leukemia is a type of cancer of the blood and bone marrow.
acute myelogenous leukemia,Neoplasms,Acute myelogenous leukemia is a type of cancer of the blood and bone marrow.
acute myeloid leukemia,Neoplasms,Acute myeloid leukemia (AML) is a type of blood cancer.
Acute promyelocytic leukemia,Neoplasms,Acute promyelocytic leukemia (APL) is a subtype of acute myeloid leukemia characterized by a PML-RARA gene fusion.
adenocarcinoma,Neoplasms,Adenocarcinoma is a subtype of lung cancer studied in relation to LINE-1 methylation dynamics during therapy.
Adult T-cell leukemia/lymphoma (ATLL),Neoplasms,Adult T-cell leukemia/lymphoma is a very aggressive and chemoresistant leukemia caused by the human T-cell leukemia virus type 1 (HTLV-1).
advanced gastric cancer,Neoplasms,Advanced gastric cancer (AGC) is a malignant tumor of the stomach at an advanced stage.
advanced prostate carcinoma,Neoplasms,"Advanced prostate carcinoma refers to late-stage prostate cancer, often involving metastasis."
anaplastic thyroid carcinoma,Neoplasms,"Anaplastic thyroid carcinoma is an aggressive, dedifferentiated subtype of thyroid cancer."
Atypical teratoid/rhabdoid tumors (ATRTs),Neoplasms,Atypical teratoid/rhabdoid tumors are aggressive central nervous system tumors mainly affecting young children.
B-acute lymphoblastic leukemia with KMT2A rearrangement,Neoplasms,B-acute lymphoblastic leukemia with KMT2A rearrangement (KMT2A-r B-ALL) is a subtype of B-cell acute lymphoblastic leukemia characterized by a chromosomal rearrangement involving the KMT2A gene.
B-cell malignancies,Neoplasms,"B cell malignancies are cancers that arise from B lymphocytes, such as leukemias and lymphomas."
B-cell tumors,Neoplasms,B-cell tumors are a type of cancer originating from B lymphocytes.
bile duct carcinoma,Neoplasms,Bile duct carcinoma is a type of cancer that forms in the bile ducts.
bladder cancer,Neoplasms,Bladder cancer is a type of cancer that begins in the cells of the bladder.
breast cancer,Neoplasms,Breast cancer is a malignant tumor that develops from cells in the breast.
breast carcinoma,Neoplasms,Breast carcinoma is a type of cancer that forms in the cells of the breast.
breast invasive carcinoma,Neoplasms,Breast invasive carcinoma is a type of cancer analyzed in this study.
Breast tumor,Neoplasms,Breast tumor is a type of cancer that forms in the cells of the breast.
Burkitt's lymphoma,Neoplasms,Burkitt's lymphoma is a highly aggressive B-cell non-Hodgkin lymphoma.
cancer,Neoplasms,Cancer is a group of diseases involving abnormal cell growth with the potential to invade or spread to other parts of the body.
cancer progression,Neoplasms,"Cancer progression refers to the advancement of cancer, including growth and metastasis."
cancers of the head and neck,Neoplasms,"Cancers of the head and neck are a group of malignancies that arise in the oral cavity, pharynx, larynx, nasal cavity, and salivary glands."
CAR T-cell lymphoma,Neoplasms,CAR T-cell lymphoma is a type of lymphoma that develops from chimeric antigen receptor (CAR) T cells.
Carcinogenesis,Neoplasms,Carcinogenesis is the process by which normal cells are transformed into cancer cells.
carcinoma,Neoplasms,Carcinoma is a type of cancer that begins in the epithelial tissue of the skin or internal organs.
Castration-resistant prostate cancer,Neoplasms,Castration-resistant prostate cancer is an advanced form of prostate cancer that continues to progress despite androgen deprivation therapy.
cell transformation,Neoplasms,"Cell transformation is the process by which normal cells acquire the properties of cancer cells, such as uncontrolled growth."
cervical cancer,Neoplasms,Cervical cancer is a type of cancer that occurs in the cells of the cervix.
cervical malignancies,Neoplasms,Cervical malignancies are cancers originating in the cervix.
Chronic lymphocytic leukemia,Neoplasms,Chronic lymphocytic leukemia (CLL) is a type of cancer of the blood and bone marrow.
chronic myeloid leukemia,Neoplasms,Chronic myeloid leukemia is a type of cancer of the blood cells.
clear cell ovarian carcinoma,Neoplasms,Clear cell ovarian carcinoma (CCOC) is a type of ovarian cancer associated with endometriosis.
clear cell renal cell carcinoma,Neoplasms,Clear cell renal cell carcinoma is the most common subtype of renal cell carcinoma.
CNS neuroblastoma,Neoplasms,CNS neuroblastoma is a type of embryonal tumor of the central nervous system.
colitis-associated cancer,Neoplasms,Cancer that develops in the context of chronic inflammation of the colon.
Colon adenocarcinoma,Neoplasms,Colon adenocarcinoma is a type of cancer that forms in the glandular cells lining the colon.
colon cancer,Neoplasms,Colon cancer is a type of cancer that begins in the large intestine (colon).
colonic adenoma,Neoplasms,"Colonic adenoma is a benign tumor of the colon, considered a precursor to colorectal cancer."
colorectal cancer,Neoplasms,Colorectal cancer is a cancer that starts in the colon or rectum.
colorectal carcinoma,Neoplasms,A type of cancer that occurs in the colon or rectum.
colorectal tumors,Neoplasms,Tumors originating in the colon or rectum.
colorectal tumours,Neoplasms,"Tumors arising in the colon or rectum, a type of cancer."
cutaneous melanoma,Neoplasms,Cutaneous melanoma is a type of skin cancer that arises from melanocytes.
cutaneous T-cell lymphomas (CTCL),Neoplasms,Cutaneous T-cell lymphomas (CTCL) are a group of non-Hodgkin lymphomas that primarily affect the skin.
Desmoplastic small round cell tumor,Neoplasms,Desmoplastic small round cell tumor (DSRCT) is a primitive multiphenotypic sarcoma arising in serosal tissues.
Diffuse large B-cell lymphoma,Neoplasms,Diffuse large B-cell lymphoma (DLBCL) is a type of aggressive non-Hodgkin lymphoma.
ductal adenocarcinoma of the breast,Neoplasms,Ductal adenocarcinoma of the breast is a type of breast cancer that originates in the milk ducts.
Ductal carcinoma in situ (DCIS),Neoplasms,A non-invasive breast cancer where abnormal cells are found in the lining of a breast duct but have not spread outside the duct.
embryonal carcinoma,Neoplasms,Embryonal carcinoma is a type of malignant germ cell tumor.
endometrial cancer,Neoplasms,Endometrial cancer is a type of cancer that begins in the lining of the uterus (endometrium).
endometrial malignancies,Neoplasms,Endometrial malignancies are cancers originating in the lining of the uterus.
endometrial tumor,Neoplasms,A type of cancer that forms in the tissue lining the uterus (endometrium).
endometrioid ovarian carcinoma,Neoplasms,Endometrioid ovarian carcinoma (ENOC) is a type of ovarian cancer associated with endometriosis.
endometriosis associated ovarian cancers,Neoplasms,"Endometriosis associated ovarian cancers (EAOC) include endometrioid and clear cell ovarian carcinomas that share a common precursor lesion, endometriosis."
epithelial cancers,Neoplasms,"Epithelial cancers are malignancies arising from epithelial tissues, where somatic L1 retrotransposition activity has been observed."
Epithelial ovarian cancer,Neoplasms,Epithelial ovarian cancer (EOC) is a malignant tumor originating from the epithelial cells of the ovary.
epithelial tumors,Neoplasms,"Tumors originating from epithelial cells, in which LINE-1s are highly active."
Epstein-Barr virus-associated gastric cancer,Neoplasms,Epstein-Barr virus-associated gastric cancer (EBVaGC) is a type of gastric cancer linked to Epstein-Barr virus infection.
esophageal adenocarcinoma,Neoplasms,Esophageal adenocarcinoma is a type of cancer that forms in the glandular cells of the esophagus.
esophageal cancer,Neoplasms,Esophageal cancer is a type of upper gastrointestinal cancer.
Esophageal squamous cell carcinoma,Neoplasms,Esophageal squamous cell carcinoma (ESCC) is a type of cancer that forms in the squamous cells lining the esophagus.
esophageal tumors,Neoplasms,Tumors originating in the esophagus.
familial colorectal cancer type X,Neoplasms,Familial colorectal cancer type X (FCCX) is a condition characterized by a family history of colorectal cancer but without the mismatch repair defects seen in Lynch syndrome.
Gastric adenocarcinoma,Neoplasms,Gastric adenocarcinoma is a specific histological type of gastric cancer originating from glandular cells in the stomach lining.
gastric cancer,Neoplasms,Gastric cancer is a cancer that begins in the stomach.
gastric signet-ring cell carcinoma,Neoplasms,Gastric signet-ring cell carcinoma is a subtype of gastric cancer characterized by cells with abundant mucin pushing the nucleus to the periphery.
gastroesophageal cancers,Neoplasms,Gastroesophageal cancers are cancers that occur in the gastroesophageal junction or the esophagus.
gastrointestinal cancer,Neoplasms,"Gastrointestinal (GI) cancer refers to cancers of the digestive system, including colorectal, pancreatic, and gastric cancers."
gastrointestinal tumors,Neoplasms,"Gastrointestinal tumors are cancers that occur in the digestive system, including the colon and rectum."
germ cell cancer,Neoplasms,"A type of cancer that originates from germ cells, which are the cells that give rise to sperm and eggs."
Glioblastoma,Neoplasms,Glioblastoma (GBM) is an aggressive type of brain cancer.
Glioblastoma multiforme,Neoplasms,Glioblastoma multiforme (GBM) is the most common and aggressive malignant primary brain tumor in adults.
Glioma,Neoplasms,Glioma is an aggressive type of brain tumor.
gynecologic cancers,Neoplasms,"A broad category of cancers affecting the female reproductive system, including ovarian and endometrial cancers."
gynecologic tumors,Neoplasms,Gynecologic tumors are cancers that affect the female reproductive system.
H3 K27M-mutant diffuse midline glioma,Neoplasms,H3 K27M-mutant diffuse midline gliomas are a subtype of high-grade glioma with a specific histone mutation.
haematological malignancies,Neoplasms,"Haematological malignancies are cancers that affect the blood, bone marrow, and lymph nodes."
head and neck cancer,Neoplasms,"Head and neck cancer is a group of cancers that start in the mouth, nose, throat, larynx, sinuses, or salivary glands."
Head and neck squamous cell carcinoma,Neoplasms,Head and Neck Squamous Cell Carcinoma.
Heavy-metal carcinogenesis,Neoplasms,Heavy-metal carcinogenesis refers to cancer development induced by exposure to toxic heavy metals.
Hepatocellular carcinoma,Neoplasms,A type of primary liver cancer.
hereditary breast and ovarian cancer syndrome,Neoplasms,"Hereditary breast and ovarian cancer syndrome is an inherited condition that significantly increases the risk of developing breast and ovarian cancers, often associated with mutations in genes like BRCA1 and BRCA2."
High-grade glioma,Neoplasms,"High-grade glioma (HGG) is a more aggressive, faster-growing type of glioma, such as glioblastoma."
high-grade ovarian serous carcinoma,Neoplasms,High-grade ovarian serous carcinoma is a type of ovarian cancer.
high-grade serous ovarian carcinoma,Neoplasms,High-grade serous ovarian carcinoma (HGSOC) is the most common and aggressive subtype of ovarian cancer.
Hodgkin lymphoma,Neoplasms,Hodgkin lymphoma is a type of lymphoma characterized by the presence of Reed-Sternberg cells.
Hormone-receptor-negative breast cancer,Neoplasms,A subtype of breast cancer that lacks expression of estrogen and progesterone receptors.
human lung cancer,Neoplasms,Human lung cancer is a malignant tumor that begins in the cells of the lungs.
human ovarian carcinomas,Neoplasms,Human ovarian carcinomas are malignant tumors of the ovary.
ileal carcinoid,Neoplasms,Ileal carcinoid is a type of neuroendocrine tumor originating in the ileum.
infiltrating ductal carcinoma,Neoplasms,Infiltrating ductal carcinoma is the most common type of invasive breast cancer.
intestinal-type adenocarcinoma,Neoplasms,Intestinal-type adenocarcinoma is a common subtype of gastric cancer with glandular formation.
Intra-hepatic cholangiocarcinoma,Neoplasms,Intra-hepatic cholangiocarcinoma (ICC) is a cancer that originates in the bile ducts within the liver.
Invasive breast cancer,Neoplasms,Breast cancer that has spread from where it began in the breast ducts or lobules into surrounding normal tissue.
Kaposi's sarcoma,Neoplasms,Kaposi's sarcoma (KS) is a tumor caused by Kaposi's sarcoma-associated herpesvirus (KSHV).
Kaposi's sarcoma-associated herpesvirus-related malignancies,Neoplasms,"Malignancies associated with Kaposi's sarcoma-associated herpesvirus (KSHV) infection, including primary effusion lymphoma and Kaposi's sarcoma."
kidney cancer,Neoplasms,Kidney cancer is a type of epithelial cancer of the kidney.
Leiomyosarcoma,Neoplasms,Leiomyosarcoma is a type of cancer that arises from smooth muscle cells.
leukemia,Neoplasms,Leukemia is a group of cancers that usually begin in the bone marrow and result in high numbers of abnormal white blood cells.
Li-Fraumeni Syndrome,Neoplasms,"Li-Fraumeni Syndrome (LFS) is a rare hereditary disorder caused by germline pathogenic variants in the TP53 gene, predisposing individuals to a wide range of cancers."
liver cancer,Neoplasms,Liver cancer is a cancer that begins in the cells of the liver.
Low-grade glioma,Neoplasms,"Low-grade glioma (LGG) is a less aggressive, slower-growing type of glioma."
lung adenocarcinoma,Neoplasms,Lung adenocarcinoma (LUAD) is a type of non-small cell lung cancer that originates in the glandular cells of the lung.
lung cancer,Neoplasms,Lung cancer is a malignant tumor that begins in the cells of the lungs.
lung carcinoma,Neoplasms,Lung carcinoma is a type of cancer that begins in the lungs.
lung metastatic melanoma,Neoplasms,Lung metastatic melanoma is a cancer that has spread from the skin to the lungs.
lung neoplasia,Neoplasms,"Lung neoplasia refers to the formation of new, abnormal tissue growth in the lung."
lung squamous cell carcinoma,Neoplasms,Lung Squamous Cell Carcinoma.
Lynch syndrome,Neoplasms,Lynch syndrome is an autosomal dominant predisposition to cancer caused by heterozygous germline mutations in mismatch repair genes.
malignancy,Neoplasms,The presence of cancerous cells that have the potential to invade and spread.
Malignant melanoma,Neoplasms,Malignant melanoma is a type of skin cancer that arises from melanocytes.
malignant transformation,Neoplasms,"Malignant transformation is the process by which cells acquire the properties of cancer, such as uncontrolled growth, invasion, and metastasis."
melanoma,Neoplasms,Melanoma is a type of skin cancer that develops from pigment-producing cells known as melanocytes.
metastatic peritoneal carcinoma,Neoplasms,"Metastatic peritoneal carcinoma refers to cancer that has spread to the peritoneum, the lining of the abdominal cavity."
Mixed fibrolamellar hepatocellular carcinoma,Neoplasms,"Mixed fibrolamellar hepatocellular carcinoma (FL-HCC) is a subtype of liver cancer that resembles classic HCC, occurring in patients aged > 40 years and frequently involving the liver as the primary site of disease recurrence."
MSLN-positive solid tumors,Neoplasms,MSLN-positive solid tumors are cancers that express the mesothelin (MSLN) antigen on their cell surface.
multiple myeloma,Neoplasms,"Multiple myeloma is a cancer of plasma cells, a type of white blood cell."
muscle-invasive bladder cancer,Neoplasms,Muscle-invasive bladder cancer (MIBC) is an aggressive form of bladder cancer.
myelodysplastic syndromes,Neoplasms,Myelodysplastic syndromes are a group of disorders caused by poorly formed or dysfunctional blood cells.
myeloid leukemia,Neoplasms,Myeloid leukemia is a type of leukemia affecting myeloid cells.
myeloid malignancies,Neoplasms,"Myeloid malignancies are a group of cancers that affect the blood, bone marrow, and lymph nodes, originating from myeloid cells."
myeloid tumors,Neoplasms,Myeloid tumors are cancers arising from myeloid cells in the bone marrow.
myeloma,Neoplasms,"Myeloma is a cancer of plasma cells, a type of white blood cell."
Myeloproliferative neoplasms,Neoplasms,Myeloproliferative neoplasms (MPNs) are clonal stem cell disorders characterized by dysregulated megakaryopoiesis and expansion of neoplastic hematopoietic stem cells.
Nasopharyngeal carcinoma,Neoplasms,Nasopharyngeal carcinoma (NPC) is a type of cancer that occurs in the nasopharynx.
neoplasia,Neoplasms,"Neoplasia refers to the process of abnormal and uncontrolled cell growth, which can lead to the formation of a neoplasm or tumor."
Neoplastic Transformation,Neoplasms,Neoplastic transformation is the process by which normal cells acquire properties of cancer cells.
neuroblastoma,Neoplasms,Neuroblastoma is a type of cancer that develops from immature nerve cells.
Neurofibromatosis type 1,Neoplasms,Neurofibromatosis type 1 is a human genetic disorder.
non-small cell lung cancer,Neoplasms,Non-small cell lung cancer (NSCLC) is a major type of lung cancer.
non-small-cell lung carcinoma,Neoplasms,"Non-small-cell lung carcinoma (NSCLC) is a type of lung cancer that includes adenocarcinoma, squamous cell carcinoma, and large cell carcinoma."
Oesophageal adenocarcinoma,Neoplasms,Oesophageal adenocarcinoma is a type of cancer that arises from glandular cells in the oesophagus.
oncogenesis,Neoplasms,"Oncogenesis is the process of tumor formation, often involving genetic alterations."
oncological diseases,Neoplasms,A broad category of diseases involving abnormal cell growth with the potential to invade or spread to other parts of the body.
Oral Squamous Cell Carcinoma,Neoplasms,Oral Squamous Cell Carcinoma (OSCC) is an aggressive malignancy characterized by frequent local invasion to regional lymph nodes.
Osteosarcoma,Neoplasms,Osteosarcoma is a type of bone cancer.
ovarian cancer,Neoplasms,Ovarian cancer is a type of cancer that forms in the ovaries.
ovarian immature teratoma,Neoplasms,Ovarian immature teratoma is a type of germ cell tumor of the ovary.
ovarian malignancies,Neoplasms,Ovarian malignancies are cancers originating in the ovaries.
ovarian tumor,Neoplasms,A type of cancer that forms in the tissues of the ovary.
Pancreatic adenocarcinoma,Neoplasms,Pancreatic adenocarcinoma (PAAD) is a deadly cancer characterized by abundant stroma.
pancreatic cancer,Neoplasms,Pancreatic cancer is a disease in which malignant (cancerous) cells form in the tissues of the pancreas.
pancreatic carcinoma,Neoplasms,Pancreatic carcinoma is a malignant tumor originating in the pancreas.
pancreatic ductal adenocarcinoma,Neoplasms,Pancreatic ductal adenocarcinoma (PDAC) is a common and aggressive type of pancreatic cancer.
pancreatic neuroendocrine tumor,Neoplasms,Pancreatic neuroendocrine tumor is a rare type of cancer that forms in the hormone-producing cells of the pancreas.
pediatric germ cell tumors,Neoplasms,"Pediatric germ cell tumors are a type of cancer that occurs in children, including testicular, ovarian, and extragonadal tumors."
pediatric malignant germ cell tumor,Neoplasms,Pediatric malignant germ cell tumor (MGCT) is a type of cancer that arises from germ cells in children.
Philadelphia chromosome-positive acute lymphoblastic leukemia,Neoplasms,Philadelphia chromosome-positive acute lymphoblastic leukemia (Ph(+)ALL) is a type of acute lymphoblastic leukemia characterized by the presence of the Philadelphia chromosome.
pineoblastomas,Neoplasms,Pineoblastomas are malignant embryonal tumors arising in the pineal gland.
pre-B ALL,Neoplasms,pre-B cell acute lymphoblastic leukemia (pre-B ALL) is a type of leukemia that affects B-cell precursors.
primary carcinomas,Neoplasms,Primary carcinomas are malignant tumors originating from epithelial cells in various tissues.
Primary effusion lymphoma,Neoplasms,Primary effusion lymphoma (PEL) is a lymphoma caused by Kaposi's sarcoma-associated herpesvirus (KSHV).
prostate cancer,Neoplasms,Prostate cancer is a cancer that occurs in the prostate gland.
prostate carcinoma,Neoplasms,Prostate carcinoma (PCa) is a malignant tumor of the prostate gland.
prostate tumor,Neoplasms,A type of cancer that forms in the tissues of the prostate gland.
Pure fibrolamellar hepatocellular carcinoma,Neoplasms,Pure fibrolamellar hepatocellular carcinoma (FL-HCC) is a subtype of liver cancer that typically occurs in patients aged < 30 years and often presents with lymph node metastasis and extrahepatic recurrences.
radiation-associated tumors,Neoplasms,Radiation-associated tumors are neoplasms that develop as a consequence of prior radiation therapy.
Rectal cancer,Neoplasms,Rectal cancer is a type of cancer that forms in the tissues of the rectum.
refractory Philadelphia chromosome-positive acute lymphoblastic leukemia,Neoplasms,"Refractory Philadelphia chromosome-positive acute lymphoblastic leukemia refers to Ph(+)ALL that is resistant to standard treatments, including tyrosine kinase inhibitors."
renal cancer,Neoplasms,Renal cancer is a type of cancer that begins in the kidneys.
renal carcinoma,Neoplasms,Renal carcinoma (RCC) is a type of kidney cancer that originates in the lining of the proximal convoluted tubule.
renal cell carcinoma,Neoplasms,Renal cell carcinoma is a type of kidney cancer that originates in the lining of the proximal convoluted tubule.
Retinoblastoma,Neoplasms,"Retinoblastoma (RB, MIM 180200) is a hereditary cancer of the retina, often caused by mutations in the RB1 gene."
Sarcomatoid renal cell carcinoma,Neoplasms,Sarcomatoid renal cell carcinoma is an aggressive histological subtype of RCC characterized by spindle cells and poor prognosis.
secondary malignancies,Neoplasms,"Secondary malignancies are cancers that develop in patients exposed to genotoxic agents, such as during cancer therapy."
serous tubal intraepithelial carcinoma (STIC),Neoplasms,"Precursor lesions found in the fallopian tubes, often associated with high-grade serous ovarian cancer."
skin cancer,Neoplasms,Skin cancer is a disease characterized by the uncontrolled growth of abnormal skin cells.
skin tumor,Neoplasms,"Skin tumors induced by 7,12-dimethylbenz[a]anthracene (DMBA) plus 12-O-tetradecanoylphorbol-13-acetate (TPA) in a multistep carcinogenesis model."
Small bowel adenocarcinoma,Neoplasms,Small bowel adenocarcinoma (SBA) is a type of cancer that can be associated with conditions like Coeliac disease.
solid cancers,Neoplasms,"Solid cancers are a broad category of malignancies characterized by the formation of solid tumors, as opposed to liquid cancers like leukemias."
solid tumors,Neoplasms,Solid tumors are abnormal masses of tissue that usually do not contain cysts or liquid areas.
squamous cell carcinoma,Neoplasms,Squamous cell carcinoma is a subtype of non-small cell lung cancer.
squamous cell lung cancer,Neoplasms,Squamous cell lung cancer is a subtype of lung cancer where the association between LINE-1 methylation levels and antitumor therapy effect was more pronounced.
stomach cancer,Neoplasms,Stomach cancer is a malignant neoplasm originating from the stomach.
stomach tumors,Neoplasms,Tumors originating in the stomach.
T-cell leukemia,Neoplasms,T-cell leukemia is a cancer of the T lymphocytes.
teratoma,Neoplasms,Teratoma is a type of tumor that can contain several different types of tissue.
testicular germ cell tumors,Neoplasms,Testicular germ cell tumors are cancers that develop in the testicles.
testicular germ cell tumours,Neoplasms,Testicular germ cell tumours (TGCTs) are cancers that develop from germ cells in the testis.
thyroid cancer,Neoplasms,Thyroid cancer is a cancer that starts in the thyroid gland.
tonsillar carcinoma,Neoplasms,Tonsillar carcinoma is a type of cancer that originates in the tonsils.
transitional cell carcinoma,Neoplasms,"Transitional cell carcinoma (TCC) is a type of cancer that arises from the transitional epithelium, commonly found in the bladder."
Triple-negative breast cancer,Neoplasms,"Triple-negative breast cancer (TNBC) is an aggressive subtype of breast cancer characterized by the lack of estrogen receptor, progesterone receptor, and HER2 expression."
tuberous sclerosis,Neoplasms,Tuberous sclerosis is a neurodevelopmental disorder.
tumor,Neoplasms,Tumor refers to an abnormal mass of tissue resulting from uncontrolled cell growth.
tumor diseases,Neoplasms,Tumor diseases refer to various types of cancers or neoplasms.
tumor progression,Neoplasms,"Tumor progression refers to the process by which a tumor grows, invades surrounding tissues, and potentially metastasizes."
tumorigenesis,Neoplasms,Tumorigenesis is the process by which normal cells are transformed into cancer cells.
upper gastrointestinal cancer,Neoplasms,Upper gastrointestinal cancer includes esophageal and gastric cancers.
Urothelial carcinoma,Neoplasms,"Urothelial carcinoma is a type of cancer that originates in the urothelial cells lining the urinary tract, including the bladder."
Uterine corpus endometrial carcinoma (UCEC),Neoplasms,Uterine Corpus Endometrial Carcinoma.
uveal melanoma,Neoplasms,Uveal melanoma is a type of cancer that forms in the eye's uvea.
well-differentiated liposarcoma,Neoplasms,"Well-differentiated liposarcoma is the most common subtype of liposarcoma, a soft tissue sarcoma."
xeroderma pigmentosum,Neoplasms,Xeroderma pigmentosum is a DNA repair-deficiency disorder characterized by extreme sensitivity to ultraviolet light and a high risk of skin cancer.
yolk sac tumor,Neoplasms,Yolk sac tumor is a type of malignant germ cell tumor.
age-related disorders,others,Age-related disorders are diseases whose incidence increases with age.
aging-related inflammation,others,"Aging-related inflammation refers to the chronic, low-grade inflammatory state associated with aging."
chronic human illness,others,Chronic human illness refers to long-term health conditions that may be influenced by genetic factors.
disease-causing insertions,others,Disease-causing insertions refer to genetic disorders resulting from the insertion of transposable elements into functional genomic regions.
genomic disease,others,"Genomic disorders are a class of genetic diseases caused by structural variations in the genome, often mediated by segmental duplications or repetitive elements."
human genetic disease,others,Genetic diseases that are passed down from parents to offspring.
human pathogenesis,others,Human pathogenesis refers to the process by which a disease develops in humans.
human retroelement insertion-induced disease,others,A category of human diseases caused by the insertion of retrotransposable elements into the genome.
insertional mutagenesis,others,"Insertional mutagenesis is a process where the insertion of genetic material disrupts gene function, potentially leading to disease."
mammalian aging,others,Mammalian aging refers to the complex biological process of functional decline over time in mammals.
more than 100 different diseases,others,The Major Histocompatibility Complex (MHC) class I region is strongly associated with more than 100 different diseases.
neurogenetic disease,others,Neurogenetic disorders are a possible cause of somatic mosaicism in the adult human brain.
neuropsychiatric disease,others,"A category of diseases affecting the brain and behavior, where altered LINE-1 activity has been noted."
Normal aging,others,"Normal aging refers to the natural, time-dependent accumulation of physiological and neurological changes that occur in the absence of specific disease."
repeat expansion diseases,others,Repeat expansion diseases are a class of disorders characterized by the instability of causative repeat mutations.
senescence-associated diseases,others,A class of diseases associated with cellular senescence.
single-gene disease,others,Monogenic diseases are disorders caused by mutations in a single gene.
Spontaneous Genetic Disorder,others,Genetic diseases caused by new mutations that are not inherited from parents.
sporadic genetic diseases,others,"Sporadic genetic diseases are genetic disorders that occur in individuals with no family history of the condition, often due to de novo mutations."
various severe diseases,others,Various severe diseases can be caused by LINE-1 retrotransposition.
early spontaneous abortion,"Pregnancy, childbirth or the puerperium",Early spontaneous miscarriage refers to pregnancy loss occurring in the early stages of gestation.
First trimester miscarriage,"Pregnancy, childbirth or the puerperium",First trimester miscarriage refers to the spontaneous loss of a pregnancy before 13 weeks of gestation.
pregnancy complications,"Pregnancy, childbirth or the puerperium",Pregnancy complications are health problems that occur during pregnancy.
Spontaneous abortion,"Pregnancy, childbirth or the puerperium",Spontaneous abortion refers to the natural loss of a pregnancy before the 20th week of gestation.
chemoresistance,"Symptoms, signs or clinical findings, not elsewhere classified",Chemoresistance is the resistance of cancer cells to chemotherapy drugs.
cognitive impairment,"Symptoms, signs or clinical findings, not elsewhere classified","Cognitive impairment refers to a decline in cognitive function, which can be associated with various neurological conditions."
drug tolerance,"Symptoms, signs or clinical findings, not elsewhere classified","Drug tolerance is a state of reduced responsiveness to a drug following repeated exposure, requiring higher doses to achieve the same effect."
Fibromyalgia,"Symptoms, signs or clinical findings, not elsewhere classified","Fibromyalgia is a chronic condition characterized by widespread pain, fatigue, and other symptoms."
Persistent postoperative pain,"Symptoms, signs or clinical findings, not elsewhere classified",Persistent postoperative pain is a chronic pain condition that continues after the expected healing period following surgery.
