parent_category_node_id,child_category_node_id,relation_type
dcat_0045aa5aa289,dcat_f316a3818224,HAS_SUBCATEGORY
dcat_00766b41f111,dcat_acede3eaf6fe,HAS_SUBCATEGORY
dcat_009286403f27,dcat_70ba5333d3ce,HAS_SUBCATEGORY
dcat_00a2cef4116e,dcat_423ff4ba844e,HAS_SUBCATEGORY
dcat_00bddb921e90,dcat_ca111088e364,HAS_SUBCATEGORY
dcat_00ca197dba60,dcat_875ce8d964e0,HAS_SUBCATEGORY
dcat_00caea1b07c3,dcat_9b74516068be,HAS_SUBCATEGORY
dcat_00d7b0effc0c,dcat_3b4377f10c7a,HAS_SUBCATEGORY
dcat_00ded450a63e,dcat_ac620dab8123,HAS_SUBCATEGORY
dcat_00f0a04d74ec,dcat_5ac7c9dae733,HAS_SUBCATEGORY
dcat_0143a27af1df,dcat_4a54f544eaa0,HAS_SUBCATEGORY
dcat_019b8c20b83a,dcat_ff301a7e6c2b,HAS_SUBCATEGORY
dcat_01b7050118e8,dcat_b529b96046b4,HAS_SUBCATEGORY
dcat_01e0a173fb5a,dcat_5091abf57827,HAS_SUBCATEGORY
dcat_01ed542f2c5c,dcat_0e0a3aee09d2,HAS_SUBCATEGORY
dcat_0217530b6fca,dcat_4b5559b3cf05,HAS_SUBCATEGORY
dcat_025406b20170,dcat_ce540955023b,HAS_SUBCATEGORY
dcat_02951f8711f7,dcat_a36a52680595,HAS_SUBCATEGORY
dcat_030a613b96d3,dcat_4cb3c039d2b3,HAS_SUBCATEGORY
dcat_0320799599b9,dcat_e3c163d0ad51,HAS_SUBCATEGORY
dcat_0325f0f0321b,dcat_2b1044987bd4,HAS_SUBCATEGORY
dcat_03bb35586910,dcat_364a5a6e00f0,HAS_SUBCATEGORY
dcat_03be63940174,dcat_0ffb9219d128,HAS_SUBCATEGORY
dcat_03c239d162a2,dcat_b1d96093216e,HAS_SUBCATEGORY
dcat_03e8df881828,dcat_92ad6c7f9378,HAS_SUBCATEGORY
dcat_04458800f1e1,dcat_d525c96752f0,HAS_SUBCATEGORY
dcat_046bf18eed48,dcat_29e606883db0,HAS_SUBCATEGORY
dcat_04edcf0ba702,dcat_351f90426622,HAS_SUBCATEGORY
dcat_04f491a0e48d,dcat_44303cd7df77,HAS_SUBCATEGORY
dcat_04ff4d9cb490,dcat_7719c985947a,HAS_SUBCATEGORY
dcat_051093b087a3,dcat_3be5f5622403,HAS_SUBCATEGORY
dcat_051093b087a3,dcat_a6db0e2c1572,HAS_SUBCATEGORY
dcat_05f664fed05f,dcat_a65b95f91ebf,HAS_SUBCATEGORY
dcat_0617a51765a1,dcat_cbab35e6ff41,HAS_SUBCATEGORY
dcat_063df2c6f0dc,dcat_fbdbaaee9a2e,HAS_SUBCATEGORY
dcat_06a0752ef831,dcat_c66780dd0d18,HAS_SUBCATEGORY
dcat_06e3bb79b6a4,dcat_38a92b63bc4b,HAS_SUBCATEGORY
dcat_0773d04f5007,dcat_d676713d8306,HAS_SUBCATEGORY
dcat_0782c2fe119c,dcat_40e8c3ae9363,HAS_SUBCATEGORY
dcat_07f54a1f7437,dcat_4bd97a226e56,HAS_SUBCATEGORY
dcat_07fed948e527,dcat_69060b464c7b,HAS_SUBCATEGORY
dcat_0815da2b875f,dcat_b8585a352020,HAS_SUBCATEGORY
dcat_083c77d0546e,dcat_a3c8c3b9930f,HAS_SUBCATEGORY
dcat_085c70c5b490,dcat_192cbcfcc478,HAS_SUBCATEGORY
dcat_0871e15ea031,dcat_db76f8d97cb8,HAS_SUBCATEGORY
dcat_087441c5a8e2,dcat_d30bae81075e,HAS_SUBCATEGORY
dcat_090a57658610,dcat_c330f0fce846,HAS_SUBCATEGORY
dcat_09148f738dc9,dcat_52f8e1971f4b,HAS_SUBCATEGORY
dcat_095f9cc10f39,dcat_9e0038f0b334,HAS_SUBCATEGORY
dcat_0ae9ee6aa95f,dcat_1c1a24cd62d9,HAS_SUBCATEGORY
dcat_0b5f663eca9e,dcat_530e46092e43,HAS_SUBCATEGORY
dcat_0b90d07b4629,dcat_39ac75ec1073,HAS_SUBCATEGORY
dcat_0ba4666842a2,dcat_f9e386bc429d,HAS_SUBCATEGORY
dcat_0bb7ceba7e94,dcat_935f0b5f50d4,HAS_SUBCATEGORY
dcat_0bc3df72e1fa,dcat_df1c150fc40f,HAS_SUBCATEGORY
dcat_0bec6a2d4259,dcat_544e1a400f63,HAS_SUBCATEGORY
dcat_0bec6decf508,dcat_97be7521e02f,HAS_SUBCATEGORY
dcat_0bf186694201,dcat_2aa7212dd940,HAS_SUBCATEGORY
dcat_0c29c46e11af,dcat_fa9ecaffc5dd,HAS_SUBCATEGORY
dcat_0c3a63d926c7,dcat_c4fcb187cd0a,HAS_SUBCATEGORY
dcat_0cf51aaa6ab5,dcat_f74121c98f98,HAS_SUBCATEGORY
dcat_0d14d572305e,dcat_698f8b820c28,HAS_SUBCATEGORY
dcat_0d3c34a20731,dcat_8c91b083a7a8,HAS_SUBCATEGORY
dcat_0d675c3d9f2d,dcat_e5d077f4da7f,HAS_SUBCATEGORY
dcat_0d6d850c1438,dcat_7c36fa9a8b48,HAS_SUBCATEGORY
dcat_0dbf70d33215,dcat_86a121f31b23,HAS_SUBCATEGORY
dcat_0dc3e66ce571,dcat_62418ad87aed,HAS_SUBCATEGORY
dcat_0e0a3aee09d2,dcat_7ad0b6a1a9a5,HAS_SUBCATEGORY
dcat_0e22e5d2fb02,dcat_6924e5a3316e,HAS_SUBCATEGORY
dcat_0e3a241d4fac,dcat_d119d83f01eb,HAS_SUBCATEGORY
dcat_0e6fd6111fa8,dcat_ecbb8cd77c86,HAS_SUBCATEGORY
dcat_0e8209afa89e,dcat_9e9c44b80026,HAS_SUBCATEGORY
dcat_0ea1aeb6d989,dcat_c38d7332ac6f,HAS_SUBCATEGORY
dcat_0ec21bccb094,dcat_75d132e048fb,HAS_SUBCATEGORY
dcat_0ecc7426fa5f,dcat_a4511dba9778,HAS_SUBCATEGORY
dcat_0f3fcced9dfe,dcat_d6c5d28a4997,HAS_SUBCATEGORY
dcat_0f99e31f0ca5,dcat_a8bf486f9858,HAS_SUBCATEGORY
dcat_0fba541bde2e,dcat_5787f849f770,HAS_SUBCATEGORY
dcat_0ff4afc52bb8,dcat_6f2603bc8bf5,HAS_SUBCATEGORY
dcat_10172fcc1926,dcat_39ba5ac0304a,HAS_SUBCATEGORY
dcat_103ae75b1a7b,dcat_c07871e35885,HAS_SUBCATEGORY
dcat_103e712ff34c,dcat_5273e64c6e08,HAS_SUBCATEGORY
dcat_103f18754f11,dcat_8cf085d1076b,HAS_SUBCATEGORY
dcat_107ae101499b,dcat_f2d5da1e88fc,HAS_SUBCATEGORY
dcat_10b5b63d6a84,dcat_4b4c3f0a9ea9,HAS_SUBCATEGORY
dcat_1100351ed457,dcat_754108888c5c,HAS_SUBCATEGORY
dcat_11687b436a0c,dcat_1a63766fc97e,HAS_SUBCATEGORY
dcat_11cef4fcf547,dcat_321413154d57,HAS_SUBCATEGORY
dcat_11ed9e576255,dcat_2885cb081e96,HAS_SUBCATEGORY
dcat_1220d2dd26d3,dcat_91527ae73c1b,HAS_SUBCATEGORY
dcat_127841d5de7e,dcat_59f74515431c,HAS_SUBCATEGORY
dcat_12c06821d094,dcat_04156b7b638d,HAS_SUBCATEGORY
dcat_130038757eea,dcat_2d5f2c077d2a,HAS_SUBCATEGORY
dcat_134223259130,dcat_17965010cc74,HAS_SUBCATEGORY
dcat_135b472d246c,dcat_e04b3bfa20f1,HAS_SUBCATEGORY
dcat_13a19891549c,dcat_e7fff3434414,HAS_SUBCATEGORY
dcat_13ae778f2b67,dcat_f7612c4177f8,HAS_SUBCATEGORY
dcat_140956f97213,dcat_9216ba8097ad,HAS_SUBCATEGORY
dcat_140e49bff45e,dcat_00a2cef4116e,HAS_SUBCATEGORY
dcat_141757eed1a4,dcat_6cb128f942f9,HAS_SUBCATEGORY
dcat_1469d62b31a0,dcat_952e379973ce,HAS_SUBCATEGORY
dcat_148d01fdd162,dcat_c496d9e61232,HAS_SUBCATEGORY
dcat_14aec0f06e8a,dcat_42c08a0aace2,HAS_SUBCATEGORY
dcat_151c20399e9b,dcat_f470cc1dbcef,HAS_SUBCATEGORY
dcat_1585ee77c65c,dcat_8f0bc3d81703,HAS_SUBCATEGORY
dcat_15b8e7fe8024,dcat_d6509b612da3,HAS_SUBCATEGORY
dcat_15bea3fd5372,dcat_c3a5fb25758e,HAS_SUBCATEGORY
dcat_166f6e44d126,dcat_d97f62f5817d,HAS_SUBCATEGORY
dcat_167049768a90,dcat_b6a851b5879b,HAS_SUBCATEGORY
dcat_170d00a3e082,dcat_4a290896b557,HAS_SUBCATEGORY
dcat_17160c79e754,dcat_2f03a7d1db65,HAS_SUBCATEGORY
dcat_17714718003a,dcat_d080b3d6d8ec,HAS_SUBCATEGORY
dcat_177f5eed4542,dcat_eef9c0b1d683,HAS_SUBCATEGORY
dcat_178bbc0d9d18,dcat_2a9c37330481,HAS_SUBCATEGORY
dcat_17965010cc74,dcat_bccf6406dcf5,HAS_SUBCATEGORY
dcat_17989ebb7440,dcat_604ab2fed25a,HAS_SUBCATEGORY
dcat_17e2f5ca3166,dcat_6d8c3afba988,HAS_SUBCATEGORY
dcat_1806c60fdd77,dcat_7304ed02c4fe,HAS_SUBCATEGORY
dcat_180ef351aca5,dcat_f948c45df921,HAS_SUBCATEGORY
dcat_1820c5ee5beb,dcat_6a4b29a6cc39,HAS_SUBCATEGORY
dcat_184044659790,dcat_7a59c443393c,HAS_SUBCATEGORY
dcat_189865cf941e,dcat_820bf62de3a4,HAS_SUBCATEGORY
dcat_18b981437c7b,dcat_441841ebb4c0,HAS_SUBCATEGORY
dcat_192cbcfcc478,dcat_8e500415cdee,HAS_SUBCATEGORY
dcat_193e0622814e,dcat_7fd2aa3d5463,HAS_SUBCATEGORY
dcat_19445520a1b5,dcat_9f2d2094febe,HAS_SUBCATEGORY
dcat_19b0399d53e6,dcat_15b8e7fe8024,HAS_SUBCATEGORY
dcat_19c91ed3279c,dcat_a63a854ecb70,HAS_SUBCATEGORY
dcat_19f9d0eda729,dcat_078a291578ea,HAS_SUBCATEGORY
dcat_1a2c0c894cdd,dcat_f00df00d9396,HAS_SUBCATEGORY
dcat_1a35fb1c1189,dcat_10172fcc1926,HAS_SUBCATEGORY
dcat_1a47fc0f7c20,dcat_0d1de380d6fa,HAS_SUBCATEGORY
dcat_1a63766fc97e,dcat_3af5e6efe5e6,HAS_SUBCATEGORY
dcat_1aa514edd7c4,dcat_027cd216cbcb,HAS_SUBCATEGORY
dcat_1b180012b67e,dcat_8025b0944bc9,HAS_SUBCATEGORY
dcat_1b55f80af590,dcat_f736f59ec455,HAS_SUBCATEGORY
dcat_1b66e1aa3b22,dcat_d6991af1fc86,HAS_SUBCATEGORY
dcat_1c1c7a8ef453,dcat_7092a5c085a8,HAS_SUBCATEGORY
dcat_1c52183ea846,dcat_28931e28219e,HAS_SUBCATEGORY
dcat_1cabaefb6ba7,dcat_73e59be90aa9,HAS_SUBCATEGORY
dcat_1cc5442ad29b,dcat_0ae9ee6aa95f,HAS_SUBCATEGORY
dcat_1d5d772c43a3,dcat_cf18c45b7148,HAS_SUBCATEGORY
dcat_1d6e94180733,dcat_b413f770880a,HAS_SUBCATEGORY
dcat_1d98c2693a5c,dcat_a677ace0731b,HAS_SUBCATEGORY
dcat_1db247bfaccf,dcat_22539b0415b4,HAS_SUBCATEGORY
dcat_1db7b27cc58e,dcat_d4e35323a44e,HAS_SUBCATEGORY
dcat_1dcbf91c8814,dcat_01e0a173fb5a,HAS_SUBCATEGORY
dcat_1ddf2801db7a,dcat_bc5db5793f01,HAS_SUBCATEGORY
dcat_1de5f9a9567a,dcat_fd6070a6dd30,HAS_SUBCATEGORY
dcat_1df03f7804cc,dcat_466111edbd16,HAS_SUBCATEGORY
dcat_1df7b2b8d8bf,dcat_4c571465c090,HAS_SUBCATEGORY
dcat_1e92c6b86dee,dcat_c4faad130ffe,HAS_SUBCATEGORY
dcat_1eec316df936,dcat_1ef7354852e1,HAS_SUBCATEGORY
dcat_1ef7354852e1,dcat_fe91d043e7b1,HAS_SUBCATEGORY
dcat_1f04ae217419,dcat_7fff4932bb21,HAS_SUBCATEGORY
dcat_1f5819148743,dcat_c9dd0ac76492,HAS_SUBCATEGORY
dcat_1f6e8cf24e3c,dcat_170d00a3e082,HAS_SUBCATEGORY
dcat_1f9477c36be8,dcat_178bbc0d9d18,HAS_SUBCATEGORY
dcat_1fa7bb8acc06,dcat_3954776a619d,HAS_SUBCATEGORY
dcat_1fb2171f4661,dcat_1835c2e845c4,HAS_SUBCATEGORY
dcat_1fd952b67197,dcat_10b5b63d6a84,HAS_SUBCATEGORY
dcat_1ff2bf9f0740,dcat_9287dd3bb85c,HAS_SUBCATEGORY
dcat_1ffa848efdbd,dcat_c7438503df4e,HAS_SUBCATEGORY
dcat_2065377df5ce,dcat_d4fd5986f9b0,HAS_SUBCATEGORY
dcat_20705b36bdb0,dcat_73f6c13dc07a,HAS_SUBCATEGORY
dcat_2070a39e3615,dcat_eb548b673f1d,HAS_SUBCATEGORY
dcat_207c0334c6c0,dcat_d9662aba7cf8,HAS_SUBCATEGORY
dcat_20b875a48995,dcat_0bec6a2d4259,HAS_SUBCATEGORY
dcat_2146ea5ea139,dcat_5045406198e8,HAS_SUBCATEGORY
dcat_2161c58fda38,dcat_270ed96aca8b,HAS_SUBCATEGORY
dcat_219fd135330e,dcat_b15c825da800,HAS_SUBCATEGORY
dcat_21da1b8aded1,dcat_9747c4d4acc4,HAS_SUBCATEGORY
dcat_2215e6b8f9d5,dcat_2f824ba60c07,HAS_SUBCATEGORY
dcat_223efe968466,dcat_42f2b258b3a9,HAS_SUBCATEGORY
dcat_22b336998822,dcat_aeceb6817c9f,HAS_SUBCATEGORY
dcat_22c5cb2b0f59,dcat_0c3a63d926c7,HAS_SUBCATEGORY
dcat_22f40962e2bb,dcat_d9ea08c5081a,HAS_SUBCATEGORY
dcat_2337fce1b6fd,dcat_f2d1b625849c,HAS_SUBCATEGORY
dcat_23540ddc6c01,dcat_e729bc60caac,HAS_SUBCATEGORY
dcat_238263426a10,dcat_d7c3b41d7b78,HAS_SUBCATEGORY
dcat_239b7534fc00,dcat_b4303651fe0b,HAS_SUBCATEGORY
dcat_239bf095dda1,dcat_c93fb10e875b,HAS_SUBCATEGORY
dcat_239d7d13aaf5,dcat_39e830394f1d,HAS_SUBCATEGORY
dcat_23dd355a5d0f,dcat_bb5026f91617,HAS_SUBCATEGORY
dcat_23f3dbbad1be,dcat_d95e2aeb3c9b,HAS_SUBCATEGORY
dcat_24a7efe8459d,dcat_507b08fb3e49,HAS_SUBCATEGORY
dcat_24d74b4473b4,dcat_10d1b172727d,HAS_SUBCATEGORY
dcat_257678717571,dcat_eda90cf719f3,HAS_SUBCATEGORY
dcat_259b184a41f5,dcat_caecf29cfad4,HAS_SUBCATEGORY
dcat_259ebe79f395,dcat_f263af6c3b7e,HAS_SUBCATEGORY
dcat_25a4c947adab,dcat_aa23fc3cef15,HAS_SUBCATEGORY
dcat_264025c3f5a6,dcat_4f364ee21bc4,HAS_SUBCATEGORY
dcat_266e38fb6cd8,dcat_2146ea5ea139,HAS_SUBCATEGORY
dcat_269841f29876,dcat_a76ff695a409,HAS_SUBCATEGORY
dcat_26a42a816584,dcat_259ebe79f395,HAS_SUBCATEGORY
dcat_26c4e17c9fcc,dcat_a2d4ff34a739,HAS_SUBCATEGORY
dcat_270ed96aca8b,dcat_c7ae48ba1e8d,HAS_SUBCATEGORY
dcat_272c8c837f16,dcat_964e1d81b64e,HAS_SUBCATEGORY
dcat_27828b763927,dcat_da5ef5425632,HAS_SUBCATEGORY
dcat_27b3442c89f1,dcat_322dc4a872fe,HAS_SUBCATEGORY
dcat_28035f260d49,dcat_f1394e0b67cc,HAS_SUBCATEGORY
dcat_2804f6d6df2a,dcat_f096da53bd97,HAS_SUBCATEGORY
dcat_280f8bcfb13a,dcat_abf2d94165e3,HAS_SUBCATEGORY
dcat_2821c36f018a,dcat_8393a7c52d4b,HAS_SUBCATEGORY
dcat_2822aab2a2f6,dcat_7c06aa11c0ef,HAS_SUBCATEGORY
dcat_28357da34b13,dcat_f84d2c3ea3ad,HAS_SUBCATEGORY
dcat_285b58c9dfaf,dcat_e751c5193b87,HAS_SUBCATEGORY
dcat_2892e4e0e137,dcat_312ce8331f43,HAS_SUBCATEGORY
dcat_28931e28219e,dcat_9b462c0738d2,HAS_SUBCATEGORY
dcat_28f5c7786f8a,dcat_141757eed1a4,HAS_SUBCATEGORY
dcat_291189d0e9a9,dcat_067849e11e51,HAS_SUBCATEGORY
dcat_29118f57eb4f,dcat_cc807d246db1,HAS_SUBCATEGORY
dcat_2994d8f667f5,dcat_3c8600610a1b,HAS_SUBCATEGORY
dcat_29e606883db0,dcat_588eea925419,HAS_SUBCATEGORY
dcat_29f46917826c,dcat_1c1c7a8ef453,HAS_SUBCATEGORY
dcat_2a388cac7b01,dcat_ae3b161993df,HAS_SUBCATEGORY
dcat_2a3d8c3a1d8d,dcat_7386cb94abe9,HAS_SUBCATEGORY
dcat_2a4112d6d286,dcat_59458fed0e81,HAS_SUBCATEGORY
dcat_2acea2ee5b0f,dcat_efe925b0cadd,HAS_SUBCATEGORY
dcat_2af92b0688b2,dcat_f6daad2fb747,HAS_SUBCATEGORY
dcat_2b71e66b0183,dcat_c67b38bed8e1,HAS_SUBCATEGORY
dcat_2c68161b82b3,dcat_86ee23572ff4,HAS_SUBCATEGORY
dcat_2c7b0d40dee8,dcat_103ae75b1a7b,HAS_SUBCATEGORY
dcat_2c892288f8c9,dcat_875d6879e4fd,HAS_SUBCATEGORY
dcat_2cc0b5cb949b,dcat_d78cd6b975db,HAS_SUBCATEGORY
dcat_2d4330c95f87,dcat_623424e33c6c,HAS_SUBCATEGORY
dcat_2d9e5a47f516,dcat_b56536f7a4f8,HAS_SUBCATEGORY
dcat_2da7eeb4935d,dcat_44e975bd5570,HAS_SUBCATEGORY
dcat_2dbe49462422,dcat_257678717571,HAS_SUBCATEGORY
dcat_2e257c5825a7,dcat_a456eb8a7d5d,HAS_SUBCATEGORY
dcat_2e4d48623256,dcat_82b726f2585b,HAS_SUBCATEGORY
dcat_2e652fd20d4a,dcat_6b5d7942fc82,HAS_SUBCATEGORY
dcat_2e666d9648a7,dcat_5ef432159e12,HAS_SUBCATEGORY
dcat_2e7a4140218b,dcat_b07fe09f099d,HAS_SUBCATEGORY
dcat_2f03a7d1db65,dcat_7b8c41d5cbfd,HAS_SUBCATEGORY
dcat_2f5045033b6b,dcat_e47d9d039ef7,HAS_SUBCATEGORY
dcat_2f6379f6e624,dcat_9ce11b5385af,HAS_SUBCATEGORY
dcat_2f824ba60c07,dcat_663d87e2b659,HAS_SUBCATEGORY
dcat_30091137f1e6,dcat_cbad6ae0379a,HAS_SUBCATEGORY
dcat_30399a29606b,dcat_7419a95dbb85,HAS_SUBCATEGORY
dcat_309782c9b9a5,dcat_33d2e121e42b,HAS_SUBCATEGORY
dcat_309d14697991,dcat_f714f94cc606,HAS_SUBCATEGORY
dcat_30c7e4509064,dcat_e3ca2f06cb8b,HAS_SUBCATEGORY
dcat_30e6c23e11ca,dcat_b21028a9420d,HAS_SUBCATEGORY
dcat_3142ba176c70,dcat_97cfb6f3654b,HAS_SUBCATEGORY
dcat_316e0f426616,dcat_7aec86c5a7f4,HAS_SUBCATEGORY
dcat_31f930a166aa,dcat_c55155094e4c,HAS_SUBCATEGORY
dcat_31fdf2751823,dcat_5792939b7165,HAS_SUBCATEGORY
dcat_320600abdf32,dcat_457786a3cf82,HAS_SUBCATEGORY
dcat_320ce63ebb1c,dcat_ae4a0eaa4fbb,HAS_SUBCATEGORY
dcat_321413154d57,dcat_661954bb1707,HAS_SUBCATEGORY
dcat_32981d0ed410,dcat_32e5438bc6ad,HAS_SUBCATEGORY
dcat_32b585074cb3,dcat_3305034ead5b,HAS_SUBCATEGORY
dcat_32e5438bc6ad,dcat_40f47e08d960,HAS_SUBCATEGORY
dcat_330df338b0fd,dcat_1ddf2801db7a,HAS_SUBCATEGORY
dcat_3331bfab257d,dcat_f19364e3e618,HAS_SUBCATEGORY
dcat_3341436a89cd,dcat_e047502c45f4,HAS_SUBCATEGORY
dcat_33852d1a91d3,dcat_90e88922b33d,HAS_SUBCATEGORY
dcat_33d2e121e42b,dcat_193e0622814e,HAS_SUBCATEGORY
dcat_33d52ad4c744,dcat_1585ee77c65c,HAS_SUBCATEGORY
dcat_33d580254bee,dcat_28357da34b13,HAS_SUBCATEGORY
dcat_33d7a815c835,dcat_d7bc8573dc0a,HAS_SUBCATEGORY
dcat_33f0c79cd4cf,dcat_bdc8208638b4,HAS_SUBCATEGORY
dcat_33f1a58ccd4b,dcat_02951f8711f7,HAS_SUBCATEGORY
dcat_340a266eec12,dcat_df1ccf7bd860,HAS_SUBCATEGORY
dcat_341c9b29783e,dcat_48ae4420e64a,HAS_SUBCATEGORY
dcat_341ea31d52cc,dcat_436ec12f6620,HAS_SUBCATEGORY
dcat_3456c4a001f7,dcat_3b412092fde8,HAS_SUBCATEGORY
dcat_347d4c8bad5e,dcat_f32f0c297be8,HAS_SUBCATEGORY
dcat_351f90426622,dcat_9b793bfe8d5a,HAS_SUBCATEGORY
dcat_3571547862cc,dcat_3108868a65dc,HAS_SUBCATEGORY
dcat_35aa01abee42,dcat_863189e05165,HAS_SUBCATEGORY
dcat_36764d369b0a,dcat_2d4330c95f87,HAS_SUBCATEGORY
dcat_3682ede4a877,dcat_9401d901da03,HAS_SUBCATEGORY
dcat_3710b3ed7ada,dcat_abc0bad2340f,HAS_SUBCATEGORY
dcat_3762ebf02982,dcat_0c608a0f60cc,HAS_SUBCATEGORY
dcat_37839bc14ff3,dcat_5c3c89ffc08d,HAS_SUBCATEGORY
dcat_37a6e0d11500,dcat_2e257c5825a7,HAS_SUBCATEGORY
dcat_37dd07a08fd9,dcat_e925eb4f1561,HAS_SUBCATEGORY
dcat_3800377da012,dcat_df16b99abb8b,HAS_SUBCATEGORY
dcat_3839bd37640c,dcat_095f9cc10f39,HAS_SUBCATEGORY
dcat_385a87474972,dcat_bf6f1ed89e8a,HAS_SUBCATEGORY
dcat_386f4da60e35,dcat_74563f0f8c4d,HAS_SUBCATEGORY
dcat_38a4935a8aee,dcat_4f0f940f8372,HAS_SUBCATEGORY
dcat_38a92b63bc4b,dcat_5316171337a3,HAS_SUBCATEGORY
dcat_38d2e9158598,dcat_ffb2a4bdfa9c,HAS_SUBCATEGORY
dcat_38f813c33b5b,dcat_180ef351aca5,HAS_SUBCATEGORY
dcat_391b9c715d7f,dcat_e0e87447d7d1,HAS_SUBCATEGORY
dcat_39a73ff854f9,dcat_b4142bb59fa4,HAS_SUBCATEGORY
dcat_39ba5ac0304a,dcat_5c0a705343d6,HAS_SUBCATEGORY
dcat_39e830394f1d,dcat_c0ef0180995e,HAS_SUBCATEGORY
dcat_39fe92646501,dcat_c8194cc897aa,HAS_SUBCATEGORY
dcat_3a0366e2f9b9,dcat_6330dbaf21bb,HAS_SUBCATEGORY
dcat_3a306107efcf,dcat_68f151557056,HAS_SUBCATEGORY
dcat_3a856002a3da,dcat_0119c221bae4,HAS_SUBCATEGORY
dcat_3abb47501e92,dcat_1dcbf91c8814,HAS_SUBCATEGORY
dcat_3ae7e7724aa3,dcat_f4407bcb327f,HAS_SUBCATEGORY
dcat_3af5e6efe5e6,dcat_e81af6385bc4,HAS_SUBCATEGORY
dcat_3b2547e1e52d,dcat_30c7e4509064,HAS_SUBCATEGORY
dcat_3b255df33d66,dcat_aa6fa2297e9f,HAS_SUBCATEGORY
dcat_3b4377f10c7a,dcat_f80bd0ef6892,HAS_SUBCATEGORY
dcat_3b58858aa25c,dcat_e745b4309c5f,HAS_SUBCATEGORY
dcat_3b701bc0a5d9,dcat_da6de07a266a,HAS_SUBCATEGORY
dcat_3b82532086cc,dcat_a3264aa588de,HAS_SUBCATEGORY
dcat_3be5f5622403,dcat_baddaa1e2174,HAS_SUBCATEGORY
dcat_3bf4a0a5650f,dcat_a9dfbaf27e6b,HAS_SUBCATEGORY
dcat_3c5fa43ac97a,dcat_ccfc99138840,HAS_SUBCATEGORY
dcat_3c6958fa0640,dcat_135b472d246c,HAS_SUBCATEGORY
dcat_3d106b3c6bd2,dcat_4d766fd5d315,HAS_SUBCATEGORY
dcat_3d1c7b28b657,dcat_92965e306356,HAS_SUBCATEGORY
dcat_3d3858eba619,dcat_d4a83dc6ffd4,HAS_SUBCATEGORY
dcat_3d4dad0eabc6,dcat_2d9e5a47f516,HAS_SUBCATEGORY
dcat_3dbb20b40c69,dcat_01ed542f2c5c,HAS_SUBCATEGORY
dcat_3e4b32faaede,dcat_6de5a7c795e1,HAS_SUBCATEGORY
dcat_3e4c7c16b18a,dcat_86ed786e4734,HAS_SUBCATEGORY
dcat_3e6795f0bf7e,dcat_73a55065b3f5,HAS_SUBCATEGORY
dcat_3e71e947332e,dcat_0b5f663eca9e,HAS_SUBCATEGORY
dcat_3eb371e7f163,dcat_4e29ba242de4,HAS_SUBCATEGORY
dcat_3f20b36d8de5,dcat_4e5127ffedfa,HAS_SUBCATEGORY
dcat_3f347f2565ec,dcat_50f721d2d371,HAS_SUBCATEGORY
dcat_3f76a5b0f576,dcat_eaddfaebdf06,HAS_SUBCATEGORY
dcat_3f76f615d56e,dcat_aaeca5176556,HAS_SUBCATEGORY
dcat_3f8968b4fc2f,dcat_2f5045033b6b,HAS_SUBCATEGORY
dcat_4004945fa9b3,dcat_99e273536c05,HAS_SUBCATEGORY
dcat_404870b8ed34,dcat_347d4c8bad5e,HAS_SUBCATEGORY
dcat_4077e1471b75,dcat_ec3b55c7561e,HAS_SUBCATEGORY
dcat_40a59aebb1d4,dcat_2892e4e0e137,HAS_SUBCATEGORY
dcat_40c5186c17f1,dcat_caa3c96fd6a6,HAS_SUBCATEGORY
dcat_40e8c3ae9363,dcat_2606a653d355,HAS_SUBCATEGORY
dcat_416ead9bc85b,dcat_2c7b0d40dee8,HAS_SUBCATEGORY
dcat_418d34a6ee12,dcat_918a34baf268,HAS_SUBCATEGORY
dcat_41a3dee148c2,dcat_29118f57eb4f,HAS_SUBCATEGORY
dcat_423ff4ba844e,dcat_20b875a48995,HAS_SUBCATEGORY
dcat_4292a759b407,dcat_04f491a0e48d,HAS_SUBCATEGORY
dcat_42ac33ca130d,dcat_0ecc7426fa5f,HAS_SUBCATEGORY
dcat_42c08a0aace2,dcat_854690972379,HAS_SUBCATEGORY
dcat_42d40e72f165,dcat_85ac3c0f3c4f,HAS_SUBCATEGORY
dcat_42f2b258b3a9,dcat_dc78a64db019,HAS_SUBCATEGORY
dcat_43634a072d40,dcat_ee7dfe610d97,HAS_SUBCATEGORY
dcat_4363ca592701,dcat_658da199a677,HAS_SUBCATEGORY
dcat_436ec12f6620,dcat_c13bd71f500b,HAS_SUBCATEGORY
dcat_43b21c405a39,dcat_a08644638374,HAS_SUBCATEGORY
dcat_43c8493d6444,dcat_475b3b9d1a73,HAS_SUBCATEGORY
dcat_43d057d2404e,dcat_6ae9e1116319,HAS_SUBCATEGORY
dcat_43d45517c028,dcat_3bb2899422a5,HAS_SUBCATEGORY
dcat_44303cd7df77,dcat_ff217bbd67a9,HAS_SUBCATEGORY
dcat_44612dfbd632,dcat_90e64e10784a,HAS_SUBCATEGORY
dcat_44bd1bd44471,dcat_44df1df10e24,HAS_SUBCATEGORY
dcat_44df1df10e24,dcat_d1977c8964ca,HAS_SUBCATEGORY
dcat_44e975bd5570,dcat_917d6d879e04,HAS_SUBCATEGORY
dcat_457786a3cf82,dcat_e05b535d50e1,HAS_SUBCATEGORY
dcat_45a977562293,dcat_e0f065e51a87,HAS_SUBCATEGORY
dcat_4687e0d8e6fc,dcat_caf726f9c973,HAS_SUBCATEGORY
dcat_46db530888ca,dcat_0ace38303bd3,HAS_SUBCATEGORY
dcat_472046db6cd3,dcat_c69497508030,HAS_SUBCATEGORY
dcat_47320db71ada,dcat_f6e5d3d08d88,HAS_SUBCATEGORY
dcat_47395b30a464,dcat_c571a596882a,HAS_SUBCATEGORY
dcat_475b3b9d1a73,dcat_705a4771dd3d,HAS_SUBCATEGORY
dcat_47a94e1e90b3,dcat_4afe81456203,HAS_SUBCATEGORY
dcat_47d07c2a8675,dcat_b36a3b6d9a8d,HAS_SUBCATEGORY
dcat_4833087b8237,dcat_4ceb389c36a3,HAS_SUBCATEGORY
dcat_48353719a38f,dcat_8ce5efd6401b,HAS_SUBCATEGORY
dcat_485129061538,dcat_bf152f3f9c1d,HAS_SUBCATEGORY
dcat_486a056d8c5f,dcat_22707cd795f1,HAS_SUBCATEGORY
dcat_489326035937,dcat_df9b32c4b37c,HAS_SUBCATEGORY
dcat_48ae4420e64a,dcat_c643ec4ce96b,HAS_SUBCATEGORY
dcat_48fec04097d2,dcat_3f76a5b0f576,HAS_SUBCATEGORY
dcat_49376c9cc5b0,dcat_88922d1a1a24,HAS_SUBCATEGORY
dcat_495dfd2a3821,dcat_17714718003a,HAS_SUBCATEGORY
dcat_49a249cd72c4,dcat_d3a76fd51cfa,HAS_SUBCATEGORY
dcat_49b3c2d92250,dcat_970fd0f7dad1,HAS_SUBCATEGORY
dcat_49baef9c470b,dcat_f2bcec50fcef,HAS_SUBCATEGORY
dcat_49de8f361499,dcat_1820c5ee5beb,HAS_SUBCATEGORY
dcat_4a290896b557,dcat_20ec40918e88,HAS_SUBCATEGORY
dcat_4a4881e863e7,dcat_b525951e6b7d,HAS_SUBCATEGORY
dcat_4a54f544eaa0,dcat_bf2fa32eb8f7,HAS_SUBCATEGORY
dcat_4a9accda611b,dcat_4c0ce0116ac1,HAS_SUBCATEGORY
dcat_4ab54167397d,dcat_564de820b658,HAS_SUBCATEGORY
dcat_4af72dd7cb99,dcat_b1f792f2da5f,HAS_SUBCATEGORY
dcat_4afe81456203,dcat_90197a2256e4,HAS_SUBCATEGORY
dcat_4b365bdad47e,dcat_107ae101499b,HAS_SUBCATEGORY
dcat_4b4c3f0a9ea9,dcat_c68031834422,HAS_SUBCATEGORY
dcat_4b5559b3cf05,dcat_f1bbfcdbdcc6,HAS_SUBCATEGORY
dcat_4b8daffb306a,dcat_03bb35586910,HAS_SUBCATEGORY
dcat_4b9a40a5eb5c,dcat_e608c424256e,HAS_SUBCATEGORY
dcat_4bb35f90c8cd,dcat_00ded450a63e,HAS_SUBCATEGORY
dcat_4bf81f9ef12f,dcat_3800377da012,HAS_SUBCATEGORY
dcat_4c0ce0116ac1,dcat_a019da876d6c,HAS_SUBCATEGORY
dcat_4c1010256142,dcat_98ee3693f710,HAS_SUBCATEGORY
dcat_4c12ff724efd,dcat_acd2842e1011,HAS_SUBCATEGORY
dcat_4c2003179284,dcat_bce4f316c634,HAS_SUBCATEGORY
dcat_4c571465c090,dcat_3b4f4252ca55,HAS_SUBCATEGORY
dcat_4ca1c2c1db75,dcat_f4cbddbfad50,HAS_SUBCATEGORY
dcat_4cb3c039d2b3,dcat_84d11fb930f4,HAS_SUBCATEGORY
dcat_4cdde2de5938,dcat_3b82532086cc,HAS_SUBCATEGORY
dcat_4cdf556ac412,dcat_1f9477c36be8,HAS_SUBCATEGORY
dcat_4ceb389c36a3,dcat_f28d5f544249,HAS_SUBCATEGORY
dcat_4d1eb359915d,dcat_630f074c0dbd,HAS_SUBCATEGORY
dcat_4d5f2cdf82e4,dcat_7749dcabfe26,HAS_SUBCATEGORY
dcat_4d766fd5d315,dcat_f0def1693951,HAS_SUBCATEGORY
dcat_4da0287594e0,dcat_0a611d7fa6ac,HAS_SUBCATEGORY
dcat_4dc3d213bb3a,dcat_f2efeab46cca,HAS_SUBCATEGORY
dcat_4ddfd8d7e51d,dcat_8904d9daebab,HAS_SUBCATEGORY
dcat_4dfad470f543,dcat_dd8684374090,HAS_SUBCATEGORY
dcat_4e29ba242de4,dcat_66e83f35871c,HAS_SUBCATEGORY
dcat_4e2e8eef50b3,dcat_89e3748a94c9,HAS_SUBCATEGORY
dcat_4e5127ffedfa,dcat_0143a27af1df,HAS_SUBCATEGORY
dcat_4e9939602821,dcat_f1d6f3910894,HAS_SUBCATEGORY
dcat_4ec8074138f3,dcat_8b2ca9c7cdcc,HAS_SUBCATEGORY
dcat_4ee0d608e502,dcat_04358db830c3,HAS_SUBCATEGORY
dcat_4f0f940f8372,dcat_4c1010256142,HAS_SUBCATEGORY
dcat_4f1b1b7f7197,dcat_3a24d0d6287c,HAS_SUBCATEGORY
dcat_4f364ee21bc4,dcat_e2bd569f01d2,HAS_SUBCATEGORY
dcat_4f424245bbc5,dcat_f9276b237ee1,HAS_SUBCATEGORY
dcat_4f49e32e40e6,dcat_539900784aef,HAS_SUBCATEGORY
dcat_4f6447ad65f5,dcat_581af80ad388,HAS_SUBCATEGORY
dcat_4f9e4778e8f1,dcat_3d7f095167a5,HAS_SUBCATEGORY
dcat_4fa359be8c8f,dcat_484b02c51dfa,HAS_SUBCATEGORY
dcat_4fe76a0828af,dcat_4363ca592701,HAS_SUBCATEGORY
dcat_4ffb033d1ae4,dcat_167049768a90,HAS_SUBCATEGORY
dcat_5031060bd342,dcat_32981d0ed410,HAS_SUBCATEGORY
dcat_5045406198e8,dcat_79fcd7cb6db5,HAS_SUBCATEGORY
dcat_507b08fb3e49,dcat_9f70c807ee00,HAS_SUBCATEGORY
dcat_5091abf57827,dcat_f58da00bd3ed,HAS_SUBCATEGORY
dcat_50c2c194cedc,dcat_52b781e8bcb0,HAS_SUBCATEGORY
dcat_50f721d2d371,dcat_ebde4783eff0,HAS_SUBCATEGORY
dcat_50fae035ff0c,dcat_fb738a40fcd4,HAS_SUBCATEGORY
dcat_51761eb5d266,dcat_8d37f966b59f,HAS_SUBCATEGORY
dcat_51b3d9eabc41,dcat_5ec398422200,HAS_SUBCATEGORY
dcat_51b4801008bf,dcat_949eaba95511,HAS_SUBCATEGORY
dcat_51cbc9162d44,dcat_6f9aa0fc84e6,HAS_SUBCATEGORY
dcat_51d36c65e3d3,dcat_418d34a6ee12,HAS_SUBCATEGORY
dcat_520a5575d71a,dcat_28035f260d49,HAS_SUBCATEGORY
dcat_52347a751bae,dcat_4f1b1b7f7197,HAS_SUBCATEGORY
dcat_52689948e9f8,dcat_3abeb48050a8,HAS_SUBCATEGORY
dcat_52b781e8bcb0,dcat_a68f64446cd3,HAS_SUBCATEGORY
dcat_52f8e1971f4b,dcat_5f629671a83b,HAS_SUBCATEGORY
dcat_530e46092e43,dcat_4f9e4778e8f1,HAS_SUBCATEGORY
dcat_5316171337a3,dcat_dc870b456e7d,HAS_SUBCATEGORY
dcat_532febd71313,dcat_52347a751bae,HAS_SUBCATEGORY
dcat_5351bb8bce0c,dcat_5031060bd342,HAS_SUBCATEGORY
dcat_5396b7294937,dcat_e33539d4cc77,HAS_SUBCATEGORY
dcat_539900784aef,dcat_f061b1e2f46c,HAS_SUBCATEGORY
dcat_53ef3b90f4da,dcat_f104df6c4ff0,HAS_SUBCATEGORY
dcat_53f551667fb7,dcat_17e2f5ca3166,HAS_SUBCATEGORY
dcat_540722e61bd2,dcat_764c5513d151,HAS_SUBCATEGORY
dcat_54b43a4a844f,dcat_87491d34802a,HAS_SUBCATEGORY
dcat_54b4e0c8744d,dcat_0a22cbda1ee8,HAS_SUBCATEGORY
dcat_55ce6863700a,dcat_4b905542ed05,HAS_SUBCATEGORY
dcat_55e105842466,dcat_5f59aa1d50fe,HAS_SUBCATEGORY
dcat_56071bccfeef,dcat_af7aa138ddb6,HAS_SUBCATEGORY
dcat_5678fc171ef3,dcat_2af92b0688b2,HAS_SUBCATEGORY
dcat_57784c541bc1,dcat_38403ac6ac3a,HAS_SUBCATEGORY
dcat_5787f849f770,dcat_31ce003556f8,HAS_SUBCATEGORY
dcat_5791264377fd,dcat_b97ccb0e87b0,HAS_SUBCATEGORY
dcat_5792939b7165,dcat_7729f81535e2,HAS_SUBCATEGORY
dcat_57cda60c3c2d,dcat_9b0f57896dc2,HAS_SUBCATEGORY
dcat_57e617040837,dcat_82c8154e3a2f,HAS_SUBCATEGORY
dcat_581af80ad388,dcat_2e86be99a731,HAS_SUBCATEGORY
dcat_586f9563a94f,dcat_642a0267569d,HAS_SUBCATEGORY
dcat_588eea925419,dcat_f2b728957041,HAS_SUBCATEGORY
dcat_58b1630af75c,dcat_d41f84c428ab,HAS_SUBCATEGORY
dcat_58b28e8339d0,dcat_0ac55c104cda,HAS_SUBCATEGORY
dcat_59135db4c500,dcat_a7cd63b0e67c,HAS_SUBCATEGORY
dcat_593c9a8c945b,dcat_e658b6146442,HAS_SUBCATEGORY
dcat_59458fed0e81,dcat_e044cc396312,HAS_SUBCATEGORY
dcat_597583d4a44a,dcat_b6e6a6153ab3,HAS_SUBCATEGORY
dcat_598f161ef83b,dcat_c84debf9e512,HAS_SUBCATEGORY
dcat_59f9c9c0dbc7,dcat_9cbb21e24fff,HAS_SUBCATEGORY
dcat_5a8477977fd3,dcat_15ad488ac81b,HAS_SUBCATEGORY
dcat_5aa8575c7cef,dcat_8cb2b87f945d,HAS_SUBCATEGORY
dcat_5addc68e8e57,dcat_1ffa848efdbd,HAS_SUBCATEGORY
dcat_5b3d82c6953f,dcat_d57bc7b47b87,HAS_SUBCATEGORY
dcat_5b6af655487f,dcat_ebc372727fbd,HAS_SUBCATEGORY
dcat_5b7c7a457d92,dcat_2e652fd20d4a,HAS_SUBCATEGORY
dcat_5b7fa9b90c3b,dcat_dc99d1470756,HAS_SUBCATEGORY
dcat_5b861df81192,dcat_1fa7bb8acc06,HAS_SUBCATEGORY
dcat_5ba0d58d8918,dcat_5bee2829a73d,HAS_SUBCATEGORY
dcat_5bee2829a73d,dcat_e1f0ff11787d,HAS_SUBCATEGORY
dcat_5c09ff334ccb,dcat_e372fa435a0b,HAS_SUBCATEGORY
dcat_5c2e26e2f136,dcat_626a5785f500,HAS_SUBCATEGORY
dcat_5c3c89ffc08d,dcat_3c5d72910393,HAS_SUBCATEGORY
dcat_5c51f6457cc6,dcat_1aa514edd7c4,HAS_SUBCATEGORY
dcat_5c73d250a0c8,dcat_0815da2b875f,HAS_SUBCATEGORY
dcat_5cc17bda2c78,dcat_a9fc1f81e60d,HAS_SUBCATEGORY
dcat_5cdb61fc41a5,dcat_c44e3a6b9c90,HAS_SUBCATEGORY
dcat_5cfc6aa2a68f,dcat_f3b5789dc2ff,HAS_SUBCATEGORY
dcat_5d57fc069628,dcat_9d773108d9b1,HAS_SUBCATEGORY
dcat_5d9add9a68c4,dcat_dfc58b24e3d7,HAS_SUBCATEGORY
dcat_5dda58a66778,dcat_8f7c1704d535,HAS_SUBCATEGORY
dcat_5df23ab92c91,dcat_5fb5fbc2bd38,HAS_SUBCATEGORY
dcat_5df5413c96ae,dcat_e4e0146a5d4c,HAS_SUBCATEGORY
dcat_5dff6e7b1095,dcat_93572c1a1e13,HAS_SUBCATEGORY
dcat_5e20b95efeaf,dcat_e67e409d10d0,HAS_SUBCATEGORY
dcat_5e43936261c6,dcat_7e352c9c734a,HAS_SUBCATEGORY
dcat_5e585d663b3a,dcat_3bae23a696ff,HAS_SUBCATEGORY
dcat_5eabe15897d5,dcat_61c219ea989f,HAS_SUBCATEGORY
dcat_5ec398422200,dcat_c7e45ad23942,HAS_SUBCATEGORY
dcat_5eeaac7857da,dcat_51761eb5d266,HAS_SUBCATEGORY
dcat_5ef432159e12,dcat_febcf65094eb,HAS_SUBCATEGORY
dcat_5f3af2f9a99f,dcat_087441c5a8e2,HAS_SUBCATEGORY
dcat_5f3bc4d9376c,dcat_5756b729881d,HAS_SUBCATEGORY
dcat_5f3bfb136113,dcat_9eebf4b986db,HAS_SUBCATEGORY
dcat_5f59aa1d50fe,dcat_ecdc25418951,HAS_SUBCATEGORY
dcat_5fb5fbc2bd38,dcat_ecb91734b4e3,HAS_SUBCATEGORY
dcat_5fc118e6dffb,dcat_7e51effd623c,HAS_SUBCATEGORY
dcat_5ffb8418a7ee,dcat_238263426a10,HAS_SUBCATEGORY
dcat_6017a50b552b,dcat_fb5ca2be2abb,HAS_SUBCATEGORY
dcat_60236da9f62d,dcat_adaeabf3df53,HAS_SUBCATEGORY
dcat_604ab2fed25a,dcat_7aa043006d23,HAS_SUBCATEGORY
dcat_608f77ecf183,dcat_da8d51d05701,HAS_SUBCATEGORY
dcat_609dcfe5431c,dcat_880d4c0db070,HAS_SUBCATEGORY
dcat_609dcfe5431c,dcat_a1caffefcc4c,HAS_SUBCATEGORY
dcat_60b2128ed835,dcat_64c7c2fca59b,HAS_SUBCATEGORY
dcat_60f0ff427fa3,dcat_e09d181fafc5,HAS_SUBCATEGORY
dcat_61198403ddcb,dcat_f790ff05d6d2,HAS_SUBCATEGORY
dcat_61c219ea989f,dcat_cdb3db042312,HAS_SUBCATEGORY
dcat_6208de144cab,dcat_0e408f298fef,HAS_SUBCATEGORY
dcat_623424e33c6c,dcat_3e0e79e96e58,HAS_SUBCATEGORY
dcat_62418ad87aed,dcat_15bea3fd5372,HAS_SUBCATEGORY
dcat_6245c29d6293,dcat_dc66ea92f704,HAS_SUBCATEGORY
dcat_626a5785f500,dcat_30091137f1e6,HAS_SUBCATEGORY
dcat_62ae791e718a,dcat_341c9b29783e,HAS_SUBCATEGORY
dcat_62b0e7f92c71,dcat_e7bf0e2d83a8,HAS_SUBCATEGORY
dcat_63270dc31b74,dcat_e6b154f2a295,HAS_SUBCATEGORY
dcat_6330dbaf21bb,dcat_a77c33509c1d,HAS_SUBCATEGORY
dcat_63afeee8498f,dcat_afd95ec038aa,HAS_SUBCATEGORY
dcat_64262fdd9247,dcat_ca9a34533c53,HAS_SUBCATEGORY
dcat_642a0267569d,dcat_4077e1471b75,HAS_SUBCATEGORY
dcat_648535f22148,dcat_e197b4ffe8aa,HAS_SUBCATEGORY
dcat_64c7c2fca59b,dcat_e62cf5764c2c,HAS_SUBCATEGORY
dcat_64d37d9da8cd,dcat_7ec619e16b48,HAS_SUBCATEGORY
dcat_6516f0baefae,dcat_bfe776336712,HAS_SUBCATEGORY
dcat_653612424a5d,dcat_de370615abf2,HAS_SUBCATEGORY
dcat_658da199a677,dcat_c618d4387486,HAS_SUBCATEGORY
dcat_65e25841d15e,dcat_406a8e9ad293,HAS_SUBCATEGORY
dcat_65ec81770e4d,dcat_f1d0038d7b45,HAS_SUBCATEGORY
dcat_661954bb1707,dcat_1806c60fdd77,HAS_SUBCATEGORY
dcat_665389fda5c1,dcat_21d7af5bd724,HAS_SUBCATEGORY
dcat_669909d7d4a1,dcat_0dbf70d33215,HAS_SUBCATEGORY
dcat_669e44a54427,dcat_3710b3ed7ada,HAS_SUBCATEGORY
dcat_66b9d6310cbf,dcat_76ee136a3a68,HAS_SUBCATEGORY
dcat_66cde4a01b9b,dcat_7269a5fd1ea6,HAS_SUBCATEGORY
dcat_66fda4caf28b,dcat_99439600d3e9,HAS_SUBCATEGORY
dcat_672a816807b8,dcat_adf09534fedb,HAS_SUBCATEGORY
dcat_67343dc52cfd,dcat_416ead9bc85b,HAS_SUBCATEGORY
dcat_685e262241d8,dcat_c748a5f33668,HAS_SUBCATEGORY
dcat_68b033822b80,dcat_b4509ed59493,HAS_SUBCATEGORY
dcat_68f151557056,dcat_d4cdb2b9b42b,HAS_SUBCATEGORY
dcat_69060b464c7b,dcat_5c51f6457cc6,HAS_SUBCATEGORY
dcat_6915d325db21,dcat_5eabe15897d5,HAS_SUBCATEGORY
dcat_6924e5a3316e,dcat_080c68d5353c,HAS_SUBCATEGORY
dcat_692a39f5c19f,dcat_03e8df881828,HAS_SUBCATEGORY
dcat_698ee7e43b5e,dcat_148d01fdd162,HAS_SUBCATEGORY
dcat_698f8b820c28,dcat_9c53ff6b9f52,HAS_SUBCATEGORY
dcat_69c45c6e8003,dcat_71cfc248bbf5,HAS_SUBCATEGORY
dcat_6a0e576d54d5,dcat_2994d8f667f5,HAS_SUBCATEGORY
dcat_6a1dfe223683,dcat_929a400443f8,HAS_SUBCATEGORY
dcat_6a4b29a6cc39,dcat_37bb15618d6e,HAS_SUBCATEGORY
dcat_6a6554b2a9ba,dcat_f071836cc553,HAS_SUBCATEGORY
dcat_6aa5b826fb97,dcat_b941c597e9a1,HAS_SUBCATEGORY
dcat_6ae9e1116319,dcat_a8e3ecf274ff,HAS_SUBCATEGORY
dcat_6afc4b787a61,dcat_3e6795f0bf7e,HAS_SUBCATEGORY
dcat_6b1d89e9ed43,dcat_1ac933c2e3bc,HAS_SUBCATEGORY
dcat_6beddccb689c,dcat_1db247bfaccf,HAS_SUBCATEGORY
dcat_6bfb4497b987,dcat_5d57fc069628,HAS_SUBCATEGORY
dcat_6c4abcaf8dc9,dcat_3b701bc0a5d9,HAS_SUBCATEGORY
dcat_6c684ff098f1,dcat_a86ee6f1e1ff,HAS_SUBCATEGORY
dcat_6cfb734778b4,dcat_b1fbb3810c80,HAS_SUBCATEGORY
dcat_6d7eb9e19bba,dcat_c64864116be8,HAS_SUBCATEGORY
dcat_6dc7bce8e442,dcat_8509f689c6a4,HAS_SUBCATEGORY
dcat_6dcaa3b20afc,dcat_cc65718c09a4,HAS_SUBCATEGORY
dcat_6de5a7c795e1,dcat_869cc1700264,HAS_SUBCATEGORY
dcat_6e16a4a5c3b8,dcat_5f3bc4d9376c,HAS_SUBCATEGORY
dcat_6e29a0f467be,dcat_4f424245bbc5,HAS_SUBCATEGORY
dcat_6e41603dd504,dcat_7901b5a03623,HAS_SUBCATEGORY
dcat_6e652f3462ca,dcat_805c79d3ef07,HAS_SUBCATEGORY
dcat_6e78f03e6ad6,dcat_45a977562293,HAS_SUBCATEGORY
dcat_6e8ad1ffead4,dcat_69c45c6e8003,HAS_SUBCATEGORY
dcat_6f0ab899df6b,dcat_cba5c25cac4b,HAS_SUBCATEGORY
dcat_6f2603bc8bf5,dcat_083c77d0546e,HAS_SUBCATEGORY
dcat_6f9aa0fc84e6,dcat_0325f0f0321b,HAS_SUBCATEGORY
dcat_705a4771dd3d,dcat_26220d120c7d,HAS_SUBCATEGORY
dcat_70b6522737e9,dcat_7fa8025b1e89,HAS_SUBCATEGORY
dcat_70ba5333d3ce,dcat_0320799599b9,HAS_SUBCATEGORY
dcat_70eca16f1227,dcat_29f46917826c,HAS_SUBCATEGORY
dcat_714d738fe39b,dcat_0710b203c11e,HAS_SUBCATEGORY
dcat_717e5c98f87e,dcat_da3bc0b8cd91,HAS_SUBCATEGORY
dcat_71cfc248bbf5,dcat_b1b2543699ed,HAS_SUBCATEGORY
dcat_71d6e2a5783b,dcat_a61d1e069d11,HAS_SUBCATEGORY
dcat_72223c30ed14,dcat_c89d8bb2c111,HAS_SUBCATEGORY
dcat_725786da7a87,dcat_47168670d669,HAS_SUBCATEGORY
dcat_7269a5fd1ea6,dcat_1c52183ea846,HAS_SUBCATEGORY
dcat_7304ed02c4fe,dcat_90718678dc6e,HAS_SUBCATEGORY
dcat_730bf31456d1,dcat_c14dc29c4f4a,HAS_SUBCATEGORY
dcat_731cc72f6fd9,dcat_33d580254bee,HAS_SUBCATEGORY
dcat_7386cb94abe9,dcat_2ed93ed0d918,HAS_SUBCATEGORY
dcat_73a55065b3f5,dcat_ebd77f86595d,HAS_SUBCATEGORY
dcat_73e59be90aa9,dcat_4af72dd7cb99,HAS_SUBCATEGORY
dcat_73f6c13dc07a,dcat_e7d9b0d69013,HAS_SUBCATEGORY
dcat_73fdb93883cc,dcat_f381129570ab,HAS_SUBCATEGORY
dcat_7405c34ec5a3,dcat_b24a6c1a88d5,HAS_SUBCATEGORY
dcat_7419a95dbb85,dcat_dd4b7ce67baf,HAS_SUBCATEGORY
dcat_74563f0f8c4d,dcat_a0469babd454,HAS_SUBCATEGORY
dcat_75e9dfb0332a,dcat_c27d3a6e2b1c,HAS_SUBCATEGORY
dcat_7665f414b5da,dcat_945e1ab65510,HAS_SUBCATEGORY
dcat_767a923ffbfd,dcat_7405c34ec5a3,HAS_SUBCATEGORY
dcat_76e18402b8fe,dcat_f9331b216983,HAS_SUBCATEGORY
dcat_76ee136a3a68,dcat_f654ac56177a,HAS_SUBCATEGORY
dcat_7729f81535e2,dcat_0ec21bccb094,HAS_SUBCATEGORY
dcat_7739c5825da9,dcat_a4ecbec1d45f,HAS_SUBCATEGORY
dcat_7749dcabfe26,dcat_ac9522825383,HAS_SUBCATEGORY
dcat_7774b8355e1c,dcat_33d52ad4c744,HAS_SUBCATEGORY
dcat_77f3b26e1105,dcat_d3ee24ca4768,HAS_SUBCATEGORY
dcat_780e08e1a9a7,dcat_269841f29876,HAS_SUBCATEGORY
dcat_7898cf6ff4b6,dcat_f9f1043f4294,HAS_SUBCATEGORY
dcat_7901b5a03623,dcat_f6ac4c965552,HAS_SUBCATEGORY
dcat_794af5492f46,dcat_e5a85489d675,HAS_SUBCATEGORY
dcat_7975474bb90c,dcat_36764d369b0a,HAS_SUBCATEGORY
dcat_79967e520bde,dcat_4a9accda611b,HAS_SUBCATEGORY
dcat_79fcd7cb6db5,dcat_0b90d07b4629,HAS_SUBCATEGORY
dcat_7a087dd61cdd,dcat_3ae7e7724aa3,HAS_SUBCATEGORY
dcat_7a0ee655cfa0,dcat_77a79bb1ef22,HAS_SUBCATEGORY
dcat_7a47e2fb1da6,dcat_c9600cfb2034,HAS_SUBCATEGORY
dcat_7a59c443393c,dcat_a18fa08a7de8,HAS_SUBCATEGORY
dcat_7a679d9601a9,dcat_1fb2171f4661,HAS_SUBCATEGORY
dcat_7ad0b6a1a9a5,dcat_de33ace296ec,HAS_SUBCATEGORY
dcat_7b8c41d5cbfd,dcat_5cc17bda2c78,HAS_SUBCATEGORY
dcat_7bad0b6b809c,dcat_f6f3a4aa8ccd,HAS_SUBCATEGORY
dcat_7c06aa11c0ef,dcat_4dc3d213bb3a,HAS_SUBCATEGORY
dcat_7c36fa9a8b48,dcat_c8591e182ce6,HAS_SUBCATEGORY
dcat_7c3c18ba4a05,dcat_cccc0bb047e3,HAS_SUBCATEGORY
dcat_7d9c68235c30,dcat_127841d5de7e,HAS_SUBCATEGORY
dcat_7dd81fc8d141,dcat_c4e6f770617f,HAS_SUBCATEGORY
dcat_7e1724e958f9,dcat_1df03f7804cc,HAS_SUBCATEGORY
dcat_7e352c9c734a,dcat_3fe28db080c2,HAS_SUBCATEGORY
dcat_7e40807b2895,dcat_c9c62b332c35,HAS_SUBCATEGORY
dcat_7e51effd623c,dcat_3762ebf02982,HAS_SUBCATEGORY
dcat_7e85a5a70929,dcat_b05d40e9a986,HAS_SUBCATEGORY
dcat_7ec619e16b48,dcat_ac27f01ebd3f,HAS_SUBCATEGORY
dcat_7ecaae98ae37,dcat_fae340d4ac04,HAS_SUBCATEGORY
dcat_7ef651ceb3c8,dcat_cc436498ab32,HAS_SUBCATEGORY
dcat_7f88bac4643f,dcat_39d5508302f0,HAS_SUBCATEGORY
dcat_7f8c974ee3cf,dcat_dff77d6be837,HAS_SUBCATEGORY
dcat_7fd1dcb5d848,dcat_90fdf5b139dc,HAS_SUBCATEGORY
dcat_7fd2aa3d5463,dcat_291189d0e9a9,HAS_SUBCATEGORY
dcat_7fff4932bb21,dcat_11ed9e576255,HAS_SUBCATEGORY
dcat_8025b0944bc9,dcat_13ae778f2b67,HAS_SUBCATEGORY
dcat_809599ea0bf3,dcat_61198403ddcb,HAS_SUBCATEGORY
dcat_816311dababe,dcat_a887f31f643f,HAS_SUBCATEGORY
dcat_817feab27559,dcat_c3bb9cb658bf,HAS_SUBCATEGORY
dcat_81ad7b5bfbbb,dcat_8e82b4c70132,HAS_SUBCATEGORY
dcat_81fa2b4ddee9,dcat_907bc74b7731,HAS_SUBCATEGORY
dcat_820138fd0eec,dcat_0bf186694201,HAS_SUBCATEGORY
dcat_8255e9a1771e,dcat_dd495e235301,HAS_SUBCATEGORY
dcat_827abf441198,dcat_ad10f2fc60b0,HAS_SUBCATEGORY
dcat_82b726f2585b,dcat_5ffb8418a7ee,HAS_SUBCATEGORY
dcat_82c8154e3a2f,dcat_4e312e377632,HAS_SUBCATEGORY
dcat_83bd712dce18,dcat_f23f8be7611a,HAS_SUBCATEGORY
dcat_83ef0a0191eb,dcat_1a2c0c894cdd,HAS_SUBCATEGORY
dcat_83fd4a2f95e6,dcat_64262fdd9247,HAS_SUBCATEGORY
dcat_847c3078b7f6,dcat_ca4118a24a12,HAS_SUBCATEGORY
dcat_84bc54ed06fc,dcat_66fda4caf28b,HAS_SUBCATEGORY
dcat_84c0f9cf934c,dcat_92063cb46075,HAS_SUBCATEGORY
dcat_84d11fb930f4,dcat_04ff4d9cb490,HAS_SUBCATEGORY
dcat_84d5c6003c6d,dcat_e7dd88f20dba,HAS_SUBCATEGORY
dcat_85084eb45943,dcat_53f551667fb7,HAS_SUBCATEGORY
dcat_8509f689c6a4,dcat_5addc68e8e57,HAS_SUBCATEGORY
dcat_85231cc6c68e,dcat_020dbe4a0699,HAS_SUBCATEGORY
dcat_854690972379,dcat_acf52cb0489b,HAS_SUBCATEGORY
dcat_859e9c27f91e,dcat_d0a1cc04701e,HAS_SUBCATEGORY
dcat_85ac3c0f3c4f,dcat_7f13d633477e,HAS_SUBCATEGORY
dcat_863189e05165,dcat_0d3c34a20731,HAS_SUBCATEGORY
dcat_86567ba05d93,dcat_d33b0b37cbde,HAS_SUBCATEGORY
dcat_8683c262fdb4,dcat_8e7ac1b8332c,HAS_SUBCATEGORY
dcat_869cc1700264,dcat_30e6c23e11ca,HAS_SUBCATEGORY
dcat_86a121f31b23,dcat_3bcede5da64c,HAS_SUBCATEGORY
dcat_86cbbdb4f3f9,dcat_9444355963d5,HAS_SUBCATEGORY
dcat_86ed786e4734,dcat_8683c262fdb4,HAS_SUBCATEGORY
dcat_86ee23572ff4,dcat_1eb2e2100c0f,HAS_SUBCATEGORY
dcat_86ee718891ea,dcat_b87baae4387c,HAS_SUBCATEGORY
dcat_86f0164d0ff3,dcat_1df7b2b8d8bf,HAS_SUBCATEGORY
dcat_8747a428010f,dcat_046bf18eed48,HAS_SUBCATEGORY
dcat_87491d34802a,dcat_9baaa1921c54,HAS_SUBCATEGORY
dcat_875d6879e4fd,dcat_c28924cea292,HAS_SUBCATEGORY
dcat_87d452964c7c,dcat_6245c29d6293,HAS_SUBCATEGORY
dcat_880d4c0db070,dcat_9e1e9fdcc2a0,HAS_SUBCATEGORY
dcat_88855cbf386d,dcat_9930ed9041db,HAS_SUBCATEGORY
dcat_88922d1a1a24,dcat_c2348ae4affe,HAS_SUBCATEGORY
dcat_88a45744f3e7,dcat_09148f738dc9,HAS_SUBCATEGORY
dcat_88fb04382e3d,dcat_813156ec3c08,HAS_SUBCATEGORY
dcat_8904d9daebab,dcat_7482f7dad3d6,HAS_SUBCATEGORY
dcat_892226220310,dcat_9be28a89322a,HAS_SUBCATEGORY
dcat_89562d0e9357,dcat_8ce27a7974e4,HAS_SUBCATEGORY
dcat_89586aba4b7c,dcat_d032faed730b,HAS_SUBCATEGORY
dcat_89a0f07bba16,dcat_ba21312697d4,HAS_SUBCATEGORY
dcat_89e3748a94c9,dcat_05f664fed05f,HAS_SUBCATEGORY
dcat_89e8b6b73b24,dcat_5c73d250a0c8,HAS_SUBCATEGORY
dcat_89ea0dcbd76d,dcat_00766b41f111,HAS_SUBCATEGORY
dcat_8a68e5911223,dcat_3571547862cc,HAS_SUBCATEGORY
dcat_8b03d4990e36,dcat_7283c6bfc46f,HAS_SUBCATEGORY
dcat_8b121c4c59a8,dcat_b7b5ff719911,HAS_SUBCATEGORY
dcat_8b2ca9c7cdcc,dcat_e4edc6b21f69,HAS_SUBCATEGORY
dcat_8b491176d5ba,dcat_88fb04382e3d,HAS_SUBCATEGORY
dcat_8b569d924dd2,dcat_7739c5825da9,HAS_SUBCATEGORY
dcat_8c4f26d2af17,dcat_dce0b5a75922,HAS_SUBCATEGORY
dcat_8c6bdcad2e26,dcat_fdceb28afc3b,HAS_SUBCATEGORY
dcat_8cb2b87f945d,dcat_38a4935a8aee,HAS_SUBCATEGORY
dcat_8ce27a7974e4,dcat_1fc29accab35,HAS_SUBCATEGORY
dcat_8ce5efd6401b,dcat_3d3858eba619,HAS_SUBCATEGORY
dcat_8cf7e84227d9,dcat_a41beb3c29ea,HAS_SUBCATEGORY
dcat_8d00b414abd5,dcat_1e07b65b870d,HAS_SUBCATEGORY
dcat_8d5884e3d7bd,dcat_3a306107efcf,HAS_SUBCATEGORY
dcat_8d70711764f2,dcat_ebac589852c8,HAS_SUBCATEGORY
dcat_8d7082cf5e55,dcat_184648863057,HAS_SUBCATEGORY
dcat_8e0a6d4357bd,dcat_a67b06f0674f,HAS_SUBCATEGORY
dcat_8e500415cdee,dcat_f1fa4855f60a,HAS_SUBCATEGORY
dcat_8e82b4c70132,dcat_2f8a89888fc3,HAS_SUBCATEGORY
dcat_8eb09014fe63,dcat_665389fda5c1,HAS_SUBCATEGORY
dcat_8ed2058051b8,dcat_5a1b7d773569,HAS_SUBCATEGORY
dcat_8f06aac16d2c,dcat_0617a51765a1,HAS_SUBCATEGORY
dcat_8f0bc3d81703,dcat_a05069154b8f,HAS_SUBCATEGORY
dcat_8f29e97f2647,dcat_19f9d0eda729,HAS_SUBCATEGORY
dcat_8f4199593726,dcat_b78ac6807ccb,HAS_SUBCATEGORY
dcat_8f9e7185663f,dcat_f09fb166f227,HAS_SUBCATEGORY
dcat_8fa47e8a8231,dcat_5cdb61fc41a5,HAS_SUBCATEGORY
dcat_90197a2256e4,dcat_1b9e5ad04223,HAS_SUBCATEGORY
dcat_90718678dc6e,dcat_814ea1f11b43,HAS_SUBCATEGORY
dcat_907bc74b7731,dcat_c28022a1405d,HAS_SUBCATEGORY
dcat_90b70156fc0d,dcat_00f0a04d74ec,HAS_SUBCATEGORY
dcat_90e64e10784a,dcat_9525e3ced43d,HAS_SUBCATEGORY
dcat_90fdf5b139dc,dcat_6b1d89e9ed43,HAS_SUBCATEGORY
dcat_91527ae73c1b,dcat_7fd1dcb5d848,HAS_SUBCATEGORY
dcat_917d6d879e04,dcat_a4a5a436f86b,HAS_SUBCATEGORY
dcat_918a34baf268,dcat_95d9b931460c,HAS_SUBCATEGORY
dcat_91cdfe08dade,dcat_a78799b8a4e8,HAS_SUBCATEGORY
dcat_91f1631ddd04,dcat_1db7b27cc58e,HAS_SUBCATEGORY
dcat_92063cb46075,dcat_279810802c66,HAS_SUBCATEGORY
dcat_92347fcf7ae7,dcat_4687e0d8e6fc,HAS_SUBCATEGORY
dcat_9287dd3bb85c,dcat_4b9a40a5eb5c,HAS_SUBCATEGORY
dcat_92965e306356,dcat_207c0334c6c0,HAS_SUBCATEGORY
dcat_9296c38f5320,dcat_5f3af2f9a99f,HAS_SUBCATEGORY
dcat_929a400443f8,dcat_b6237089e4d4,HAS_SUBCATEGORY
dcat_929c0a7813a6,dcat_4ec8074138f3,HAS_SUBCATEGORY
dcat_92b385ebbbf8,dcat_4ab54167397d,HAS_SUBCATEGORY
dcat_92b8f4c4e175,dcat_d9b9da638001,HAS_SUBCATEGORY
dcat_93572c1a1e13,dcat_a6cb584dc9e5,HAS_SUBCATEGORY
dcat_935f0b5f50d4,dcat_e69d764793c9,HAS_SUBCATEGORY
dcat_93cb9cc8b167,dcat_a878366a0d72,HAS_SUBCATEGORY
dcat_93fa114d13af,dcat_62ae791e718a,HAS_SUBCATEGORY
dcat_9401d901da03,dcat_62203afa4e8f,HAS_SUBCATEGORY
dcat_9409aad20df8,dcat_d26f64d52335,HAS_SUBCATEGORY
dcat_945e1ab65510,dcat_4ee0d608e502,HAS_SUBCATEGORY
dcat_947f0496598f,dcat_c1253de67ca5,HAS_SUBCATEGORY
dcat_9499a21d9039,dcat_46db530888ca,HAS_SUBCATEGORY
dcat_949eaba95511,dcat_bedd62598c6b,HAS_SUBCATEGORY
dcat_94ccedb69b33,dcat_8bdc64066d49,HAS_SUBCATEGORY
dcat_9525e3ced43d,dcat_bf8a856f6a1a,HAS_SUBCATEGORY
dcat_952e379973ce,dcat_725786da7a87,HAS_SUBCATEGORY
dcat_95736834353f,dcat_489326035937,HAS_SUBCATEGORY
dcat_95b60bf8d9a3,dcat_4b365bdad47e,HAS_SUBCATEGORY
dcat_95d9b931460c,dcat_050759c23b20,HAS_SUBCATEGORY
dcat_95f6eb920739,dcat_bb4846220e92,HAS_SUBCATEGORY
dcat_962553a71c91,dcat_bb157f24ae95,HAS_SUBCATEGORY
dcat_964e1d81b64e,dcat_140956f97213,HAS_SUBCATEGORY
dcat_964ff4c412ec,dcat_90b70156fc0d,HAS_SUBCATEGORY
dcat_96a61c047c10,dcat_7bb8b424c56c,HAS_SUBCATEGORY
dcat_96b413443a8f,dcat_472046db6cd3,HAS_SUBCATEGORY
dcat_96d3ddbc8fe0,dcat_a9856394290e,HAS_SUBCATEGORY
dcat_96d4f90a903f,dcat_1eec316df936,HAS_SUBCATEGORY
dcat_970fd0f7dad1,dcat_edc4f29b59da,HAS_SUBCATEGORY
dcat_9747c4d4acc4,dcat_2e666d9648a7,HAS_SUBCATEGORY
dcat_9748c5f52ebf,dcat_7e1724e958f9,HAS_SUBCATEGORY
dcat_978389afe047,dcat_efb00d5bb0a2,HAS_SUBCATEGORY
dcat_979aca6694b9,dcat_6a3d3aaa2254,HAS_SUBCATEGORY
dcat_97cfb6f3654b,dcat_c02da2e9c8e1,HAS_SUBCATEGORY
dcat_983cc71db66f,dcat_3abb47501e92,HAS_SUBCATEGORY
dcat_98624f661364,dcat_e556efa0552c,HAS_SUBCATEGORY
dcat_989543c7673f,dcat_b6dfb271c6b9,HAS_SUBCATEGORY
dcat_98c2e16fa226,dcat_5c3dd829a693,HAS_SUBCATEGORY
dcat_98f52b26b29b,dcat_239b7534fc00,HAS_SUBCATEGORY
dcat_9911221c5e90,dcat_70eca16f1227,HAS_SUBCATEGORY
dcat_9930ed9041db,dcat_c992028bcd94,HAS_SUBCATEGORY
dcat_99439600d3e9,dcat_cdaea4265156,HAS_SUBCATEGORY
dcat_99608c379463,dcat_6e16a4a5c3b8,HAS_SUBCATEGORY
dcat_99a1d137027b,dcat_0871e15ea031,HAS_SUBCATEGORY
dcat_99e273536c05,dcat_4d1eb359915d,HAS_SUBCATEGORY
dcat_9ae24ae2d775,dcat_c4261e0bc880,HAS_SUBCATEGORY
dcat_9b0f57896dc2,dcat_54b4e0c8744d,HAS_SUBCATEGORY
dcat_9b462c0738d2,dcat_e5e0c878316d,HAS_SUBCATEGORY
dcat_9b4dbe5f2f72,dcat_e7f565f811b3,HAS_SUBCATEGORY
dcat_9b74516068be,dcat_37dd07a08fd9,HAS_SUBCATEGORY
dcat_9b793bfe8d5a,dcat_184044659790,HAS_SUBCATEGORY
dcat_9b9f1328bb91,dcat_df7cdb46e8eb,HAS_SUBCATEGORY
dcat_9baaa1921c54,dcat_61e16572edf9,HAS_SUBCATEGORY
dcat_9bdd252e931d,dcat_964ff4c412ec,HAS_SUBCATEGORY
dcat_9be28a89322a,dcat_386f4da60e35,HAS_SUBCATEGORY
dcat_9c53ff6b9f52,dcat_0cb6cd6bcfca,HAS_SUBCATEGORY
dcat_9cbb21e24fff,dcat_c386fa84ae9b,HAS_SUBCATEGORY
dcat_9ce11b5385af,dcat_f3d661e9ee78,HAS_SUBCATEGORY
dcat_9cfb4103cbd2,dcat_76e18402b8fe,HAS_SUBCATEGORY
dcat_9d09b16346b1,dcat_2ee0f7504b7f,HAS_SUBCATEGORY
dcat_9d4e820d89c6,dcat_e5fffe0a0772,HAS_SUBCATEGORY
dcat_9d4f5b595fdf,dcat_dfda8c2efc09,HAS_SUBCATEGORY
dcat_9d773108d9b1,dcat_fec8939840f5,HAS_SUBCATEGORY
dcat_9dc73b59b8ef,dcat_ec726ad02df9,HAS_SUBCATEGORY
dcat_9ddb4d48053d,dcat_a41ea18fce90,HAS_SUBCATEGORY
dcat_9e0038f0b334,dcat_bfc43d641636,HAS_SUBCATEGORY
dcat_9e644002ff6d,dcat_1ee3f5f582cc,HAS_SUBCATEGORY
dcat_9e9c44b80026,dcat_00caea1b07c3,HAS_SUBCATEGORY
dcat_9eebf4b986db,dcat_52689948e9f8,HAS_SUBCATEGORY
dcat_9ef5a59cf886,dcat_090a57658610,HAS_SUBCATEGORY
dcat_a00da25119b0,dcat_495dfd2a3821,HAS_SUBCATEGORY
dcat_a05069154b8f,dcat_3566b7b01f7e,HAS_SUBCATEGORY
dcat_a0729d278e6e,dcat_a537c5df8d4d,HAS_SUBCATEGORY
dcat_a08644638374,dcat_0c29c46e11af,HAS_SUBCATEGORY
dcat_a1453a127659,dcat_d304f7f7b97b,HAS_SUBCATEGORY
dcat_a150f4a0d517,dcat_22c5cb2b0f59,HAS_SUBCATEGORY
dcat_a1caffefcc4c,dcat_a437606876e1,HAS_SUBCATEGORY
dcat_a2abbf5619cd,dcat_4da0287594e0,HAS_SUBCATEGORY
dcat_a2d4ff34a739,dcat_44a4c6647a3c,HAS_SUBCATEGORY
dcat_a2dba557b60c,dcat_c740c4de3a86,HAS_SUBCATEGORY
dcat_a41beb3c29ea,dcat_5dff6e7b1095,HAS_SUBCATEGORY
dcat_a41ea18fce90,dcat_c3ca8120924b,HAS_SUBCATEGORY
dcat_a4511dba9778,dcat_f698edf67351,HAS_SUBCATEGORY
dcat_a4ecbec1d45f,dcat_f88a518593dc,HAS_SUBCATEGORY
dcat_a537c5df8d4d,dcat_eef215ad4e8e,HAS_SUBCATEGORY
dcat_a61d1e069d11,dcat_d0425b21c225,HAS_SUBCATEGORY
dcat_a62a80027a61,dcat_486a056d8c5f,HAS_SUBCATEGORY
dcat_a63a854ecb70,dcat_23f674fe6968,HAS_SUBCATEGORY
dcat_a677ace0731b,dcat_fed95df80e33,HAS_SUBCATEGORY
dcat_a679502813a8,dcat_3eb371e7f163,HAS_SUBCATEGORY
dcat_a67b06f0674f,dcat_5dda58a66778,HAS_SUBCATEGORY
dcat_a68f64446cd3,dcat_40dd0d325bff,HAS_SUBCATEGORY
dcat_a6beb8ab0766,dcat_8d00b414abd5,HAS_SUBCATEGORY
dcat_a6db0e2c1572,dcat_b2cd0623e126,HAS_SUBCATEGORY
dcat_a6fb6e6bcafd,dcat_91ed856d0f5d,HAS_SUBCATEGORY
dcat_a705e88dbb74,dcat_cf5f036e1502,HAS_SUBCATEGORY
dcat_a76ff695a409,dcat_28f5c7786f8a,HAS_SUBCATEGORY
dcat_a77c33509c1d,dcat_6a0e576d54d5,HAS_SUBCATEGORY
dcat_a78799b8a4e8,dcat_a7a4093d656d,HAS_SUBCATEGORY
dcat_a7a4093d656d,dcat_3456c4a001f7,HAS_SUBCATEGORY
dcat_a7ba083b15e2,dcat_cbb1304b69ad,HAS_SUBCATEGORY
dcat_a7c09a51fda9,dcat_b57c07f32f80,HAS_SUBCATEGORY
dcat_a81d07a5844e,dcat_e477b385d811,HAS_SUBCATEGORY
dcat_a86ee6f1e1ff,dcat_019b8c20b83a,HAS_SUBCATEGORY
dcat_a878366a0d72,dcat_669e44a54427,HAS_SUBCATEGORY
dcat_a887f31f643f,dcat_ad3197b8a205,HAS_SUBCATEGORY
dcat_a8bf486f9858,dcat_79bfc2d63e29,HAS_SUBCATEGORY
dcat_a8e3ecf274ff,dcat_af6ce72e63ce,HAS_SUBCATEGORY
dcat_a9738134e1eb,dcat_0217530b6fca,HAS_SUBCATEGORY
dcat_a97daa4bf55c,dcat_8698c316bb1d,HAS_SUBCATEGORY
dcat_a9856394290e,dcat_a97daa4bf55c,HAS_SUBCATEGORY
dcat_a9dfbaf27e6b,dcat_f2f8ebb0964a,HAS_SUBCATEGORY
dcat_a9fc1f81e60d,dcat_57f4c92760ca,HAS_SUBCATEGORY
dcat_aa24e92b4a3a,dcat_698ee7e43b5e,HAS_SUBCATEGORY
dcat_aa33b9669b11,dcat_89ead78328a0,HAS_SUBCATEGORY
dcat_aa7f74f385df,dcat_6a1dfe223683,HAS_SUBCATEGORY
dcat_aaea29f1f93b,dcat_ab86d01b2191,HAS_SUBCATEGORY
dcat_ab19410271f6,dcat_33d7a815c835,HAS_SUBCATEGORY
dcat_ab86d01b2191,dcat_e2cbc0936fae,HAS_SUBCATEGORY
dcat_abf2d94165e3,dcat_7da27d37d0ca,HAS_SUBCATEGORY
dcat_ac27f01ebd3f,dcat_ea7f11e0e692,HAS_SUBCATEGORY
dcat_ac43ae1ce87a,dcat_c18eb54f91b8,HAS_SUBCATEGORY
dcat_ac9522825383,dcat_a705e88dbb74,HAS_SUBCATEGORY
dcat_acd2842e1011,dcat_cb0231f1cbe2,HAS_SUBCATEGORY
dcat_acede3eaf6fe,dcat_ac43ae1ce87a,HAS_SUBCATEGORY
dcat_ad1061814731,dcat_73fdb93883cc,HAS_SUBCATEGORY
dcat_ad10f2fc60b0,dcat_009286403f27,HAS_SUBCATEGORY
dcat_ad3197b8a205,dcat_316e0f426616,HAS_SUBCATEGORY
dcat_ad5ab2f47eeb,dcat_cde77adb3118,HAS_SUBCATEGORY
dcat_ade8c1e7a190,dcat_72f0e9811609,HAS_SUBCATEGORY
dcat_adf09534fedb,dcat_fe33128eb1b0,HAS_SUBCATEGORY
dcat_ae02e3426adc,dcat_ecc53a222565,HAS_SUBCATEGORY
dcat_ae3b161993df,dcat_63270dc31b74,HAS_SUBCATEGORY
dcat_ae49d2e09cf1,dcat_1b55f80af590,HAS_SUBCATEGORY
dcat_ae4a0eaa4fbb,dcat_51b3d9eabc41,HAS_SUBCATEGORY
dcat_ae4f65047168,dcat_bfafd1c9b501,HAS_SUBCATEGORY
dcat_aeceb6817c9f,dcat_95736834353f,HAS_SUBCATEGORY
dcat_af1ae9a07295,dcat_bd639c1918ab,HAS_SUBCATEGORY
dcat_af7aa138ddb6,dcat_f47e3dbdeaea,HAS_SUBCATEGORY
dcat_af8f7e7f0e92,dcat_4ca1c2c1db75,HAS_SUBCATEGORY
dcat_afd95ec038aa,dcat_3f76f615d56e,HAS_SUBCATEGORY
dcat_b07fe09f099d,dcat_37839bc14ff3,HAS_SUBCATEGORY
dcat_b14aa0a0e7a7,dcat_af092590f1de,HAS_SUBCATEGORY
dcat_b15c825da800,dcat_2e01eb385238,HAS_SUBCATEGORY
dcat_b1a171852473,dcat_56071bccfeef,HAS_SUBCATEGORY
dcat_b1b2543699ed,dcat_728677fa4650,HAS_SUBCATEGORY
dcat_b1d96093216e,dcat_84d5c6003c6d,HAS_SUBCATEGORY
dcat_b1f792f2da5f,dcat_65e25841d15e,HAS_SUBCATEGORY
dcat_b1fbb3810c80,dcat_e9555e38b5aa,HAS_SUBCATEGORY
dcat_b231c8cac680,dcat_3c5fa43ac97a,HAS_SUBCATEGORY
dcat_b2a3886dcac9,dcat_4dfad470f543,HAS_SUBCATEGORY
dcat_b2b19315b573,dcat_3d1c7b28b657,HAS_SUBCATEGORY
dcat_b2cd0623e126,dcat_d9da42921ee5,HAS_SUBCATEGORY
dcat_b2d0a338952b,dcat_0c0586c00621,HAS_SUBCATEGORY
dcat_b2e4e89810ad,dcat_e869ff0663ef,HAS_SUBCATEGORY
dcat_b2f44b1d3191,dcat_94f918f53507,HAS_SUBCATEGORY
dcat_b369327bb134,dcat_7ef651ceb3c8,HAS_SUBCATEGORY
dcat_b36a3b6d9a8d,dcat_4292a759b407,HAS_SUBCATEGORY
dcat_b37b39590b0c,dcat_dcc0652f8f57,HAS_SUBCATEGORY
dcat_b386a1434a98,dcat_89df089d0dd2,HAS_SUBCATEGORY
dcat_b3d24a083c01,dcat_da1e5ff7816a,HAS_SUBCATEGORY
dcat_b3d583654f2a,dcat_bd89c6a82ac8,HAS_SUBCATEGORY
dcat_b3e1ce9506d7,dcat_6e652f3462ca,HAS_SUBCATEGORY
dcat_b413f770880a,dcat_859e9c27f91e,HAS_SUBCATEGORY
dcat_b4303651fe0b,dcat_4e9939602821,HAS_SUBCATEGORY
dcat_b525951e6b7d,dcat_03be63940174,HAS_SUBCATEGORY
dcat_b529b96046b4,dcat_540722e61bd2,HAS_SUBCATEGORY
dcat_b549e8e4ea5f,dcat_84c0f9cf934c,HAS_SUBCATEGORY
dcat_b55264f3959c,dcat_86f0164d0ff3,HAS_SUBCATEGORY
dcat_b5544d9abea2,dcat_6a6554b2a9ba,HAS_SUBCATEGORY
dcat_b56536f7a4f8,dcat_8c6bdcad2e26,HAS_SUBCATEGORY
dcat_b57c07f32f80,dcat_b2d0a338952b,HAS_SUBCATEGORY
dcat_b61a7fb3c6cc,dcat_a81d07a5844e,HAS_SUBCATEGORY
dcat_b6237089e4d4,dcat_082f90761258,HAS_SUBCATEGORY
dcat_b657563c38ae,dcat_4833087b8237,HAS_SUBCATEGORY
dcat_b68b9d42caf7,dcat_86cbbdb4f3f9,HAS_SUBCATEGORY
dcat_b6a9b54f3d5b,dcat_98c2e16fa226,HAS_SUBCATEGORY
dcat_b6dfb271c6b9,dcat_063df2c6f0dc,HAS_SUBCATEGORY
dcat_b6e6a6153ab3,dcat_70b6522737e9,HAS_SUBCATEGORY
dcat_b72be5a56e2c,dcat_4bf81f9ef12f,HAS_SUBCATEGORY
dcat_b7913ab2fb13,dcat_3341436a89cd,HAS_SUBCATEGORY
dcat_b7950084b712,dcat_bc29eb0c8490,HAS_SUBCATEGORY
dcat_b7b5ff719911,dcat_e70e5034da92,HAS_SUBCATEGORY
dcat_b84f0e07d42a,dcat_6beddccb689c,HAS_SUBCATEGORY
dcat_b8585a352020,dcat_9a81a7c3f218,HAS_SUBCATEGORY
dcat_b87baae4387c,dcat_0773d04f5007,HAS_SUBCATEGORY
dcat_b8ec3f87f1ae,dcat_2c68161b82b3,HAS_SUBCATEGORY
dcat_b907403e5633,dcat_e7b866174cea,HAS_SUBCATEGORY
dcat_b941c597e9a1,dcat_cf85fe2c73a9,HAS_SUBCATEGORY
dcat_b97ccb0e87b0,dcat_f8d8d0c60b75,HAS_SUBCATEGORY
dcat_b99f09367bca,dcat_ca008d5ea9ce,HAS_SUBCATEGORY
dcat_b9f166365899,dcat_3f347f2565ec,HAS_SUBCATEGORY
dcat_ba05b6ea9e07,dcat_5c2e26e2f136,HAS_SUBCATEGORY
dcat_ba21312697d4,dcat_3309b7f479a8,HAS_SUBCATEGORY
dcat_ba31b6d8aa20,dcat_38f813c33b5b,HAS_SUBCATEGORY
dcat_ba3450ab1769,dcat_3331bfab257d,HAS_SUBCATEGORY
dcat_ba8145026b1b,dcat_264025c3f5a6,HAS_SUBCATEGORY
dcat_baaf163c4a3a,dcat_9409aad20df8,HAS_SUBCATEGORY
dcat_bb5026f91617,dcat_5b861df81192,HAS_SUBCATEGORY
dcat_bb5e019c328b,dcat_6208de144cab,HAS_SUBCATEGORY
dcat_bb5e019c328b,dcat_a6beb8ab0766,HAS_SUBCATEGORY
dcat_bb5e019c328b,dcat_dc9d242ca04e,HAS_SUBCATEGORY
dcat_bbf22a3fe659,dcat_23dd355a5d0f,HAS_SUBCATEGORY
dcat_bc0b0d81c826,dcat_0e22e5d2fb02,HAS_SUBCATEGORY
dcat_bc29eb0c8490,dcat_4794ad0aa78c,HAS_SUBCATEGORY
dcat_bc35a36a9384,dcat_ab19410271f6,HAS_SUBCATEGORY
dcat_bc5db5793f01,dcat_8b03d4990e36,HAS_SUBCATEGORY
dcat_bccf6406dcf5,dcat_22afda3d480b,HAS_SUBCATEGORY
dcat_bce4f316c634,dcat_61096c740acd,HAS_SUBCATEGORY
dcat_bd639c1918ab,dcat_e3d79e58cf86,HAS_SUBCATEGORY
dcat_bd89c6a82ac8,dcat_4f6447ad65f5,HAS_SUBCATEGORY
dcat_bd9c2eb9b48b,dcat_7c3c18ba4a05,HAS_SUBCATEGORY
dcat_bdbf3f2d943c,dcat_b64f171dec51,HAS_SUBCATEGORY
dcat_bdc8208638b4,dcat_68b033822b80,HAS_SUBCATEGORY
dcat_bdda5cf7df84,dcat_ba31b6d8aa20,HAS_SUBCATEGORY
dcat_bde73c344c32,dcat_dc2823bbb4b8,HAS_SUBCATEGORY
dcat_be5e56d31400,dcat_1e92c6b86dee,HAS_SUBCATEGORY
dcat_be8cd81fdd07,dcat_e5cb4a10ef1f,HAS_SUBCATEGORY
dcat_bedd62598c6b,dcat_cbd5d5605baa,HAS_SUBCATEGORY
dcat_bf152f3f9c1d,dcat_532febd71313,HAS_SUBCATEGORY
dcat_bf2fa32eb8f7,dcat_7f88bac4643f,HAS_SUBCATEGORY
dcat_bf3db0fdf3e6,dcat_030a613b96d3,HAS_SUBCATEGORY
dcat_bf4d1278b883,dcat_49b3c2d92250,HAS_SUBCATEGORY
dcat_bf6f1ed89e8a,dcat_07f54a1f7437,HAS_SUBCATEGORY
dcat_bf8a856f6a1a,dcat_ae02e3426adc,HAS_SUBCATEGORY
dcat_bf93b27deb47,dcat_11687b436a0c,HAS_SUBCATEGORY
dcat_bfacfccbcc73,dcat_2821c36f018a,HAS_SUBCATEGORY
dcat_bfafd1c9b501,dcat_4cdde2de5938,HAS_SUBCATEGORY
dcat_bfc43d641636,dcat_be487d03aa4c,HAS_SUBCATEGORY
dcat_bfd1eecf995c,dcat_98624f661364,HAS_SUBCATEGORY
dcat_bfe776336712,dcat_a686c295efa5,HAS_SUBCATEGORY
dcat_c00bb0a26d37,dcat_bde73c344c32,HAS_SUBCATEGORY
dcat_c02da2e9c8e1,dcat_12e36093f85d,HAS_SUBCATEGORY
dcat_c0f4ab3f2bf7,dcat_103f18754f11,HAS_SUBCATEGORY
dcat_c113d906cf1b,dcat_75f1101a3fac,HAS_SUBCATEGORY
dcat_c1253de67ca5,dcat_189865cf941e,HAS_SUBCATEGORY
dcat_c14d1084001a,dcat_fc15e2d72637,HAS_SUBCATEGORY
dcat_c14dc29c4f4a,dcat_caee0c169e39,HAS_SUBCATEGORY
dcat_c1585ee9d5d2,dcat_8f4199593726,HAS_SUBCATEGORY
dcat_c18eb54f91b8,dcat_e4cf35f88448,HAS_SUBCATEGORY
dcat_c1c81a2a3a90,dcat_a62a80027a61,HAS_SUBCATEGORY
dcat_c21ba98bec94,dcat_c794a93c44d3,HAS_SUBCATEGORY
dcat_c27d084005b3,dcat_ce68391be3c4,HAS_SUBCATEGORY
dcat_c27d3a6e2b1c,dcat_eac504d7ccae,HAS_SUBCATEGORY
dcat_c28924cea292,dcat_901a4cb8e765,HAS_SUBCATEGORY
dcat_c302e8e54c06,dcat_25a4c947adab,HAS_SUBCATEGORY
dcat_c330f0fce846,dcat_a223aea47680,HAS_SUBCATEGORY
dcat_c386fa84ae9b,dcat_57e617040837,HAS_SUBCATEGORY
dcat_c38d7332ac6f,dcat_25cd32e5a92e,HAS_SUBCATEGORY
dcat_c3ca8120924b,dcat_77f3b26e1105,HAS_SUBCATEGORY
dcat_c3cc9decdcbb,dcat_2c892288f8c9,HAS_SUBCATEGORY
dcat_c4261e0bc880,dcat_2070a39e3615,HAS_SUBCATEGORY
dcat_c44e3a6b9c90,dcat_f7524f1c996e,HAS_SUBCATEGORY
dcat_c4fcb187cd0a,dcat_653612424a5d,HAS_SUBCATEGORY
dcat_c5119b8be2c6,dcat_385a87474972,HAS_SUBCATEGORY
dcat_c526f44c4732,dcat_4bb6692e73be,HAS_SUBCATEGORY
dcat_c55155094e4c,dcat_39fe92646501,HAS_SUBCATEGORY
dcat_c571a596882a,dcat_f4be20bfd6db,HAS_SUBCATEGORY
dcat_c58998316184,dcat_fb769903d017,HAS_SUBCATEGORY
dcat_c5f988b1881f,dcat_0f99e31f0ca5,HAS_SUBCATEGORY
dcat_c601de38c1dd,dcat_b2f44b1d3191,HAS_SUBCATEGORY
dcat_c618d4387486,dcat_d6f5a3a600db,HAS_SUBCATEGORY
dcat_c62d4cd626b3,dcat_6e29a0f467be,HAS_SUBCATEGORY
dcat_c64864116be8,dcat_af389daa6d51,HAS_SUBCATEGORY
dcat_c66780dd0d18,dcat_389083e5cf46,HAS_SUBCATEGORY
dcat_c67b38bed8e1,dcat_e9dc21412391,HAS_SUBCATEGORY
dcat_c69497508030,dcat_ccacfb7d32ad,HAS_SUBCATEGORY
dcat_c740c4de3a86,dcat_53ef3b90f4da,HAS_SUBCATEGORY
dcat_c748a5f33668,dcat_56e5e20af9eb,HAS_SUBCATEGORY
dcat_c84debf9e512,dcat_58d11701d981,HAS_SUBCATEGORY
dcat_c8591e182ce6,dcat_9b9f1328bb91,HAS_SUBCATEGORY
dcat_c89d8bb2c111,dcat_239bf095dda1,HAS_SUBCATEGORY
dcat_c93fb10e875b,dcat_96a61c047c10,HAS_SUBCATEGORY
dcat_c9600cfb2034,dcat_134223259130,HAS_SUBCATEGORY
dcat_c992028bcd94,dcat_58b28e8339d0,HAS_SUBCATEGORY
dcat_c9c62b332c35,dcat_00bddb921e90,HAS_SUBCATEGORY
dcat_c9dd0ac76492,dcat_1a35fb1c1189,HAS_SUBCATEGORY
dcat_ca008d5ea9ce,dcat_99a1d137027b,HAS_SUBCATEGORY
dcat_ca094531c6db,dcat_4c2003179284,HAS_SUBCATEGORY
dcat_ca4118a24a12,dcat_f03f69205612,HAS_SUBCATEGORY
dcat_ca592b5d336e,dcat_0bb7ceba7e94,HAS_SUBCATEGORY
dcat_ca63e7b4d984,dcat_c5f988b1881f,HAS_SUBCATEGORY
dcat_ca9a34533c53,dcat_23540ddc6c01,HAS_SUBCATEGORY
dcat_caa3c96fd6a6,dcat_00ca197dba60,HAS_SUBCATEGORY
dcat_cace882e1816,dcat_947f0496598f,HAS_SUBCATEGORY
dcat_caecf29cfad4,dcat_8255e9a1771e,HAS_SUBCATEGORY
dcat_caee0c169e39,dcat_d5f4edd27344,HAS_SUBCATEGORY
dcat_caf726f9c973,dcat_50fae035ff0c,HAS_SUBCATEGORY
dcat_caf9faa8d9e2,dcat_ade8c1e7a190,HAS_SUBCATEGORY
dcat_cb0231f1cbe2,dcat_8f73a3bd6ea4,HAS_SUBCATEGORY
dcat_cb1c848b7600,dcat_eeb7956162de,HAS_SUBCATEGORY
dcat_cb5d1c203bfa,dcat_df0f26ff2903,HAS_SUBCATEGORY
dcat_cb6f0c38359b,dcat_d60a8388dab2,HAS_SUBCATEGORY
dcat_cb75b96f812f,dcat_38d2e9158598,HAS_SUBCATEGORY
dcat_cb9ea49267b2,dcat_e6d652e02561,HAS_SUBCATEGORY
dcat_cba5c25cac4b,dcat_0782c2fe119c,HAS_SUBCATEGORY
dcat_cbab35e6ff41,dcat_549db9d0e75d,HAS_SUBCATEGORY
dcat_cbad6ae0379a,dcat_7ff0970a1a37,HAS_SUBCATEGORY
dcat_cbb1304b69ad,dcat_849b429511be,HAS_SUBCATEGORY
dcat_cbd5d5605baa,dcat_9ec96866df75,HAS_SUBCATEGORY
dcat_cc436498ab32,dcat_a0b1fb321d0b,HAS_SUBCATEGORY
dcat_cc527f4d1d8b,dcat_3e205ae05436,HAS_SUBCATEGORY
dcat_cc65718c09a4,dcat_3d106b3c6bd2,HAS_SUBCATEGORY
dcat_cc807d246db1,dcat_59e3fa893d06,HAS_SUBCATEGORY
dcat_ccacfb7d32ad,dcat_253b7820569a,HAS_SUBCATEGORY
dcat_cccc0bb047e3,dcat_27b3442c89f1,HAS_SUBCATEGORY
dcat_cd2374f053eb,dcat_2215e6b8f9d5,HAS_SUBCATEGORY
dcat_cda3dc6bf2e5,dcat_3fa676536f92,HAS_SUBCATEGORY
dcat_cdaa6b893714,dcat_a4f673d2971a,HAS_SUBCATEGORY
dcat_cdaea4265156,dcat_40e2c3190234,HAS_SUBCATEGORY
dcat_cde77adb3118,dcat_cb9ea49267b2,HAS_SUBCATEGORY
dcat_cdf11ebf0490,dcat_d2a54ee6f69d,HAS_SUBCATEGORY
dcat_ce4185b1ae1a,dcat_fbf51f08d5f1,HAS_SUBCATEGORY
dcat_ce540955023b,dcat_ea5a090535ee,HAS_SUBCATEGORY
dcat_ce68391be3c4,dcat_55e105842466,HAS_SUBCATEGORY
dcat_ce94390b36a9,dcat_9ef5a59cf886,HAS_SUBCATEGORY
dcat_cf18c45b7148,dcat_817feab27559,HAS_SUBCATEGORY
dcat_cf85fe2c73a9,dcat_767a923ffbfd,HAS_SUBCATEGORY
dcat_cfedf77d9ad0,dcat_025406b20170,HAS_SUBCATEGORY
dcat_d032faed730b,dcat_87d452964c7c,HAS_SUBCATEGORY
dcat_d0425b21c225,dcat_24d74b4473b4,HAS_SUBCATEGORY
dcat_d080b3d6d8ec,dcat_7154868e8c25,HAS_SUBCATEGORY
dcat_d119d83f01eb,dcat_404870b8ed34,HAS_SUBCATEGORY
dcat_d172df228131,dcat_d99965f9cbd6,HAS_SUBCATEGORY
dcat_d194aca2c533,dcat_44bd1bd44471,HAS_SUBCATEGORY
dcat_d1977c8964ca,dcat_43d45517c028,HAS_SUBCATEGORY
dcat_d1a444cfb0bb,dcat_bdbf3f2d943c,HAS_SUBCATEGORY
dcat_d2463b5ad3a8,dcat_89a0f07bba16,HAS_SUBCATEGORY
dcat_d2a54ee6f69d,dcat_aa33b9669b11,HAS_SUBCATEGORY
dcat_d304f7f7b97b,dcat_d2463b5ad3a8,HAS_SUBCATEGORY
dcat_d31b47036b03,dcat_88855cbf386d,HAS_SUBCATEGORY
dcat_d33b0b37cbde,dcat_7d94508993e2,HAS_SUBCATEGORY
dcat_d38542c89f12,dcat_8cf7e84227d9,HAS_SUBCATEGORY
dcat_d398edaad79d,dcat_5b3d82c6953f,HAS_SUBCATEGORY
dcat_d3991921ab90,dcat_1d6e94180733,HAS_SUBCATEGORY
dcat_d3d45c784ff9,dcat_47320db71ada,HAS_SUBCATEGORY
dcat_d41f84c428ab,dcat_d79c626e67d5,HAS_SUBCATEGORY
dcat_d45ec9b65242,dcat_7e85a5a70929,HAS_SUBCATEGORY
dcat_d4a83dc6ffd4,dcat_6162b4cc03a8,HAS_SUBCATEGORY
dcat_d4cdb2b9b42b,dcat_3d3f08f360d2,HAS_SUBCATEGORY
dcat_d4e35323a44e,dcat_be90262800de,HAS_SUBCATEGORY
dcat_d4fd5986f9b0,dcat_feb214a60fdc,HAS_SUBCATEGORY
dcat_d525c96752f0,dcat_1100351ed457,HAS_SUBCATEGORY
dcat_d52728174a73,dcat_cace882e1816,HAS_SUBCATEGORY
dcat_d57bc7b47b87,dcat_e07c6fa9cf7e,HAS_SUBCATEGORY
dcat_d5b0734ed168,dcat_18b981437c7b,HAS_SUBCATEGORY
dcat_d5b0975d1a48,dcat_89e8b6b73b24,HAS_SUBCATEGORY
dcat_d5fcb2da4227,dcat_19c91ed3279c,HAS_SUBCATEGORY
dcat_d60a8388dab2,dcat_7a0ee655cfa0,HAS_SUBCATEGORY
dcat_d646be37510e,dcat_63afeee8498f,HAS_SUBCATEGORY
dcat_d6509b612da3,dcat_8f29e97f2647,HAS_SUBCATEGORY
dcat_d676713d8306,dcat_33852d1a91d3,HAS_SUBCATEGORY
dcat_d68924f49919,dcat_04458800f1e1,HAS_SUBCATEGORY
dcat_d6991af1fc86,dcat_f23a9ada4cdf,HAS_SUBCATEGORY
dcat_d6c5d28a4997,dcat_b7950084b712,HAS_SUBCATEGORY
dcat_d705cdb742ae,dcat_d812187692a2,HAS_SUBCATEGORY
dcat_d778993c994f,dcat_c21ba98bec94,HAS_SUBCATEGORY
dcat_d78cd6b975db,dcat_edf6eef78473,HAS_SUBCATEGORY
dcat_d79c626e67d5,dcat_3d721fcfb42e,HAS_SUBCATEGORY
dcat_d7bc8573dc0a,dcat_13a19891549c,HAS_SUBCATEGORY
dcat_d7c3b41d7b78,dcat_be6bb3125ac6,HAS_SUBCATEGORY
dcat_d812187692a2,dcat_714d738fe39b,HAS_SUBCATEGORY
dcat_d81316a41642,dcat_83bd712dce18,HAS_SUBCATEGORY
dcat_d8485b825f89,dcat_cb75b96f812f,HAS_SUBCATEGORY
dcat_d88691d328d4,dcat_0dc83b4c83d1,HAS_SUBCATEGORY
dcat_d95e2aeb3c9b,dcat_55ce6863700a,HAS_SUBCATEGORY
dcat_d9662aba7cf8,dcat_062a7ac65b03,HAS_SUBCATEGORY
dcat_d99965f9cbd6,dcat_8b569d924dd2,HAS_SUBCATEGORY
dcat_d9ea08c5081a,dcat_648535f22148,HAS_SUBCATEGORY
dcat_da1e5ff7816a,dcat_391b9c715d7f,HAS_SUBCATEGORY
dcat_da3bc0b8cd91,dcat_2a3d8c3a1d8d,HAS_SUBCATEGORY
dcat_da5ef5425632,dcat_c2ba1a74c157,HAS_SUBCATEGORY
dcat_da6de07a266a,dcat_1662531b7b6d,HAS_SUBCATEGORY
dcat_da6dfb093c31,dcat_ea730db9a676,HAS_SUBCATEGORY
dcat_da8d51d05701,dcat_280f8bcfb13a,HAS_SUBCATEGORY
dcat_dac2d8ee67cb,dcat_2b71e66b0183,HAS_SUBCATEGORY
dcat_dc2823bbb4b8,dcat_239d7d13aaf5,HAS_SUBCATEGORY
dcat_dc78a64db019,dcat_5522870d19e9,HAS_SUBCATEGORY
dcat_dc870b456e7d,dcat_6b4c7e113bc7,HAS_SUBCATEGORY
dcat_dc99d1470756,dcat_e5aebbc56d05,HAS_SUBCATEGORY
dcat_dc9d242ca04e,dcat_b14aa0a0e7a7,HAS_SUBCATEGORY
dcat_dcc0652f8f57,dcat_cc527f4d1d8b,HAS_SUBCATEGORY
dcat_dce0b5a75922,dcat_02acf92d138e,HAS_SUBCATEGORY
dcat_dd495e235301,dcat_b93574ee4741,HAS_SUBCATEGORY
dcat_dd4b7ce67baf,dcat_e9cd7fbd110a,HAS_SUBCATEGORY
dcat_dd5f4d411d16,dcat_cda3dc6bf2e5,HAS_SUBCATEGORY
dcat_dd8684374090,dcat_e532b273b66e,HAS_SUBCATEGORY
dcat_df0f26ff2903,dcat_25880bc433bd,HAS_SUBCATEGORY
dcat_df16b99abb8b,dcat_7b33b479f275,HAS_SUBCATEGORY
dcat_df1c150fc40f,dcat_86567ba05d93,HAS_SUBCATEGORY
dcat_df1ccf7bd860,dcat_81fa2b4ddee9,HAS_SUBCATEGORY
dcat_df7cdb46e8eb,dcat_3ac879c173c3,HAS_SUBCATEGORY
dcat_dfc58b24e3d7,dcat_3682ede4a877,HAS_SUBCATEGORY
dcat_dfda8c2efc09,dcat_1cc5442ad29b,HAS_SUBCATEGORY
dcat_dff77d6be837,dcat_32b585074cb3,HAS_SUBCATEGORY
dcat_e01a47184d13,dcat_5a8477977fd3,HAS_SUBCATEGORY
dcat_e044cc396312,dcat_8e9899be38d3,HAS_SUBCATEGORY
dcat_e0577d309e7b,dcat_92b8f4c4e175,HAS_SUBCATEGORY
dcat_e07c6fa9cf7e,dcat_8d7082cf5e55,HAS_SUBCATEGORY
dcat_e09d181fafc5,dcat_2a388cac7b01,HAS_SUBCATEGORY
dcat_e0f065e51a87,dcat_da6dfb093c31,HAS_SUBCATEGORY
dcat_e1bc60bb18ae,dcat_d012f00c663a,HAS_SUBCATEGORY
dcat_e23815ba7445,dcat_8f9e7185663f,HAS_SUBCATEGORY
dcat_e24d2f752314,dcat_57cda60c3c2d,HAS_SUBCATEGORY
dcat_e2bd569f01d2,dcat_19445520a1b5,HAS_SUBCATEGORY
dcat_e2cbc0936fae,dcat_b2552f275f32,HAS_SUBCATEGORY
dcat_e2f440a5a128,dcat_4ddfd8d7e51d,HAS_SUBCATEGORY
dcat_e33539d4cc77,dcat_b231c8cac680,HAS_SUBCATEGORY
dcat_e3358ee58230,dcat_608f77ecf183,HAS_SUBCATEGORY
dcat_e3ca2f06cb8b,dcat_a9e46585ecee,HAS_SUBCATEGORY
dcat_e3d79e58cf86,dcat_e1bc60bb18ae,HAS_SUBCATEGORY
dcat_e417c326661d,dcat_f82b40a1879e,HAS_SUBCATEGORY
dcat_e470e848dfd6,dcat_7f8c974ee3cf,HAS_SUBCATEGORY
dcat_e477b385d811,dcat_b6818b47ca37,HAS_SUBCATEGORY
dcat_e47d9d039ef7,dcat_672a816807b8,HAS_SUBCATEGORY
dcat_e4cf35f88448,dcat_a6fb6e6bcafd,HAS_SUBCATEGORY
dcat_e4e0146a5d4c,dcat_9e644002ff6d,HAS_SUBCATEGORY
dcat_e4edc6b21f69,dcat_b386a1434a98,HAS_SUBCATEGORY
dcat_e556efa0552c,dcat_df700c47197a,HAS_SUBCATEGORY
dcat_e57a01649d66,dcat_af1ae9a07295,HAS_SUBCATEGORY
dcat_e5a85489d675,dcat_8ed2058051b8,HAS_SUBCATEGORY
dcat_e5aebbc56d05,dcat_80340883b101,HAS_SUBCATEGORY
dcat_e5cb4a10ef1f,dcat_4b8daffb306a,HAS_SUBCATEGORY
dcat_e5d077f4da7f,dcat_49a249cd72c4,HAS_SUBCATEGORY
dcat_e5eca47f32fe,dcat_177f5eed4542,HAS_SUBCATEGORY
dcat_e5fffe0a0772,dcat_60236da9f62d,HAS_SUBCATEGORY
dcat_e62cf5764c2c,dcat_8483be540937,HAS_SUBCATEGORY
dcat_e658b6146442,dcat_bfacfccbcc73,HAS_SUBCATEGORY
dcat_e67e409d10d0,dcat_96d3ddbc8fe0,HAS_SUBCATEGORY
dcat_e6bddcc66552,dcat_0d14d572305e,HAS_SUBCATEGORY
dcat_e6d652e02561,dcat_e01a47184d13,HAS_SUBCATEGORY
dcat_e70e5034da92,dcat_309d14697991,HAS_SUBCATEGORY
dcat_e729bc60caac,dcat_2161c58fda38,HAS_SUBCATEGORY
dcat_e745b4309c5f,dcat_3b2547e1e52d,HAS_SUBCATEGORY
dcat_e751c5193b87,dcat_219fd135330e,HAS_SUBCATEGORY
dcat_e76de5deeac5,dcat_4fa359be8c8f,HAS_SUBCATEGORY
dcat_e7bf0e2d83a8,dcat_c526f44c4732,HAS_SUBCATEGORY
dcat_e7d993b54120,dcat_3b255df33d66,HAS_SUBCATEGORY
dcat_e7d9b0d69013,dcat_d8cf7b30f0ac,HAS_SUBCATEGORY
dcat_e7f565f811b3,dcat_6d7eb9e19bba,HAS_SUBCATEGORY
dcat_e7fff3434414,dcat_cea698b00efc,HAS_SUBCATEGORY
dcat_e83e574e8816,dcat_78edddf7a99d,HAS_SUBCATEGORY
dcat_e869ff0663ef,dcat_49de8f361499,HAS_SUBCATEGORY
dcat_e8db6e8ad2a9,dcat_7dd81fc8d141,HAS_SUBCATEGORY
dcat_e92676f43198,dcat_2804f6d6df2a,HAS_SUBCATEGORY
dcat_e9555e38b5aa,dcat_520a5575d71a,HAS_SUBCATEGORY
dcat_e9cd7fbd110a,dcat_8c4f26d2af17,HAS_SUBCATEGORY
dcat_e9dc21412391,dcat_ed1cf0ff4dd5,HAS_SUBCATEGORY
dcat_ea5a090535ee,dcat_9d09b16346b1,HAS_SUBCATEGORY
dcat_ea7a3e0786b0,dcat_5df5413c96ae,HAS_SUBCATEGORY
dcat_ea7f11e0e692,dcat_780b90879182,HAS_SUBCATEGORY
dcat_eac504d7ccae,dcat_2e2e00c2f467,HAS_SUBCATEGORY
dcat_eaddfaebdf06,dcat_083462d8a5f0,HAS_SUBCATEGORY
dcat_eb548b673f1d,dcat_09a125bcf23b,HAS_SUBCATEGORY
dcat_eb78ac1a1d59,dcat_b6a9b54f3d5b,HAS_SUBCATEGORY
dcat_eb8793362ab5,dcat_2e7a4140218b,HAS_SUBCATEGORY
dcat_eba11b52ab5a,dcat_94ccedb69b33,HAS_SUBCATEGORY
dcat_ebac589852c8,dcat_9d4f5b595fdf,HAS_SUBCATEGORY
dcat_ebc372727fbd,dcat_5fd6621383a8,HAS_SUBCATEGORY
dcat_ebde4783eff0,dcat_128efb1973db,HAS_SUBCATEGORY
dcat_ec3b55c7561e,dcat_67e906de6cb8,HAS_SUBCATEGORY
dcat_ec726ad02df9,dcat_7665f414b5da,HAS_SUBCATEGORY
dcat_ecb05bfee790,dcat_efe82989cf1c,HAS_SUBCATEGORY
dcat_ecb91734b4e3,dcat_166f6e44d126,HAS_SUBCATEGORY
dcat_ecbb8cd77c86,dcat_3a856002a3da,HAS_SUBCATEGORY
dcat_eceaf4fcbc20,dcat_2a4112d6d286,HAS_SUBCATEGORY
dcat_ed9996e62baa,dcat_8f06aac16d2c,HAS_SUBCATEGORY
dcat_eda90cf719f3,dcat_b907403e5633,HAS_SUBCATEGORY
dcat_edc4f29b59da,dcat_9fcd4cfc932d,HAS_SUBCATEGORY
dcat_edf6eef78473,dcat_ccd0b91b6fa5,HAS_SUBCATEGORY
dcat_ee49bcb551e8,dcat_5e585d663b3a,HAS_SUBCATEGORY
dcat_ee7dfe610d97,dcat_41a3dee148c2,HAS_SUBCATEGORY
dcat_eeb398049de8,dcat_be8cd81fdd07,HAS_SUBCATEGORY
dcat_eeb7956162de,dcat_87cd31c6937c,HAS_SUBCATEGORY
dcat_eef215ad4e8e,dcat_270c750e7368,HAS_SUBCATEGORY
dcat_efb00d5bb0a2,dcat_48fec04097d2,HAS_SUBCATEGORY
dcat_efe199a9a6a9,dcat_717e5c98f87e,HAS_SUBCATEGORY
dcat_efe82989cf1c,dcat_ae49d2e09cf1,HAS_SUBCATEGORY
dcat_efe925b0cadd,dcat_e83e574e8816,HAS_SUBCATEGORY
dcat_f008249a9439,dcat_4e2e8eef50b3,HAS_SUBCATEGORY
dcat_f00df00d9396,dcat_40a59aebb1d4,HAS_SUBCATEGORY
dcat_f017cbcda383,dcat_ad5ab2f47eeb,HAS_SUBCATEGORY
dcat_f03f69205612,dcat_59135db4c500,HAS_SUBCATEGORY
dcat_f05dd324b947,dcat_151c20399e9b,HAS_SUBCATEGORY
dcat_f05fecec79d3,dcat_8eb09014fe63,HAS_SUBCATEGORY
dcat_f061b1e2f46c,dcat_8250f90cb07b,HAS_SUBCATEGORY
dcat_f071836cc553,dcat_24a7efe8459d,HAS_SUBCATEGORY
dcat_f096da53bd97,dcat_10c26c379557,HAS_SUBCATEGORY
dcat_f0beb2bc76f2,dcat_597583d4a44a,HAS_SUBCATEGORY
dcat_f1394e0b67cc,dcat_add4dcfee0f5,HAS_SUBCATEGORY
dcat_f1574bfad7ef,dcat_6e78f03e6ad6,HAS_SUBCATEGORY
dcat_f19364e3e618,dcat_4ffb033d1ae4,HAS_SUBCATEGORY
dcat_f1bbfcdbdcc6,dcat_0a04dc7c8b3a,HAS_SUBCATEGORY
dcat_f1c7725e4795,dcat_c601de38c1dd,HAS_SUBCATEGORY
dcat_f1d0038d7b45,dcat_f647337a0453,HAS_SUBCATEGORY
dcat_f1fa4855f60a,dcat_ee27d1fd7c89,HAS_SUBCATEGORY
dcat_f23a05776157,dcat_c0f4ab3f2bf7,HAS_SUBCATEGORY
dcat_f23a9ada4cdf,dcat_979aca6694b9,HAS_SUBCATEGORY
dcat_f23f8be7611a,dcat_85231cc6c68e,HAS_SUBCATEGORY
dcat_f263af6c3b7e,dcat_bd71d378de4e,HAS_SUBCATEGORY
dcat_f28e1716bcc4,dcat_baaf163c4a3a,HAS_SUBCATEGORY
dcat_f2b77cb64651,dcat_0fba541bde2e,HAS_SUBCATEGORY
dcat_f2bcec50fcef,dcat_23f3dbbad1be,HAS_SUBCATEGORY
dcat_f2d1b625849c,dcat_6d217494c19d,HAS_SUBCATEGORY
dcat_f2efeab46cca,dcat_3bda120f7264,HAS_SUBCATEGORY
dcat_f312d6c7e11d,dcat_3c6958fa0640,HAS_SUBCATEGORY
dcat_f316a3818224,dcat_c9abcb989dc9,HAS_SUBCATEGORY
dcat_f34acca2b0ae,dcat_e470e848dfd6,HAS_SUBCATEGORY
dcat_f381129570ab,dcat_87d9f12a7724,HAS_SUBCATEGORY
dcat_f3b5789dc2ff,dcat_e7d993b54120,HAS_SUBCATEGORY
dcat_f3d661e9ee78,dcat_2337fce1b6fd,HAS_SUBCATEGORY
dcat_f4407bcb327f,dcat_ce94390b36a9,HAS_SUBCATEGORY
dcat_f465a0774d7e,dcat_8e0a6d4357bd,HAS_SUBCATEGORY
dcat_f470cc1dbcef,dcat_57784c541bc1,HAS_SUBCATEGORY
dcat_f47e3dbdeaea,dcat_5c09ff334ccb,HAS_SUBCATEGORY
dcat_f4af642ece70,dcat_fecd1fc9274c,HAS_SUBCATEGORY
dcat_f4b7f83dbc9c,dcat_06a0752ef831,HAS_SUBCATEGORY
dcat_f4cbddbfad50,dcat_5b7c7a457d92,HAS_SUBCATEGORY
dcat_f53825484af3,dcat_b1b0c49e56a3,HAS_SUBCATEGORY
dcat_f5a0b5efb1e3,dcat_f53825484af3,HAS_SUBCATEGORY
dcat_f647337a0453,dcat_d27b0b6b7ec6,HAS_SUBCATEGORY
dcat_f654ac56177a,dcat_95f6eb920739,HAS_SUBCATEGORY
dcat_f6daad2fb747,dcat_e5eca47f32fe,HAS_SUBCATEGORY
dcat_f6e5d3d08d88,dcat_ce4185b1ae1a,HAS_SUBCATEGORY
dcat_f6f3a4aa8ccd,dcat_7e40807b2895,HAS_SUBCATEGORY
dcat_f714f94cc606,dcat_8bb1310b7533,HAS_SUBCATEGORY
dcat_f74121c98f98,dcat_4bb35f90c8cd,HAS_SUBCATEGORY
dcat_f7524f1c996e,dcat_e76de5deeac5,HAS_SUBCATEGORY
dcat_f7612c4177f8,dcat_79e42772e9f8,HAS_SUBCATEGORY
dcat_f790ff05d6d2,dcat_2065377df5ce,HAS_SUBCATEGORY
dcat_f80bd0ef6892,dcat_e9993dc73eac,HAS_SUBCATEGORY
dcat_f82b40a1879e,dcat_17a574e86742,HAS_SUBCATEGORY
dcat_f8a6c817b1bf,dcat_598f161ef83b,HAS_SUBCATEGORY
dcat_f8d8d0c60b75,dcat_a7ba083b15e2,HAS_SUBCATEGORY
dcat_f910080fb622,dcat_5fc118e6dffb,HAS_SUBCATEGORY
dcat_f9331b216983,dcat_fc38f7916b6d,HAS_SUBCATEGORY
dcat_f9e386bc429d,dcat_e417c326661d,HAS_SUBCATEGORY
dcat_f9f1043f4294,dcat_f2b77cb64651,HAS_SUBCATEGORY
dcat_fa9acd077c82,dcat_320600abdf32,HAS_SUBCATEGORY
dcat_fae340d4ac04,dcat_5b6af655487f,HAS_SUBCATEGORY
dcat_fae5c0f019cf,dcat_3e71e947332e,HAS_SUBCATEGORY
dcat_fb5ca2be2abb,dcat_27828b763927,HAS_SUBCATEGORY
dcat_fb769903d017,dcat_39a73ff854f9,HAS_SUBCATEGORY
dcat_fbdbaaee9a2e,dcat_0a5a619c4abd,HAS_SUBCATEGORY
dcat_fbf51f08d5f1,dcat_fe5b305ca94e,HAS_SUBCATEGORY
dcat_fc15e2d72637,dcat_14aec0f06e8a,HAS_SUBCATEGORY
dcat_fc38f7916b6d,dcat_9f8f689b2b3f,HAS_SUBCATEGORY
dcat_fca188c4c601,dcat_81ad7b5bfbbb,HAS_SUBCATEGORY
dcat_fcd074377eb0,dcat_bf4d1278b883,HAS_SUBCATEGORY
dcat_fce7a3fdc8de,dcat_f1c7725e4795,HAS_SUBCATEGORY
dcat_fd6070a6dd30,dcat_38352f8f3519,HAS_SUBCATEGORY
dcat_fdceb28afc3b,dcat_42d40e72f165,HAS_SUBCATEGORY
dcat_fe41a4b2fd05,dcat_140e49bff45e,HAS_SUBCATEGORY
dcat_fe5a47cde134,dcat_85084eb45943,HAS_SUBCATEGORY
dcat_fe63401bc572,dcat_e24d2f752314,HAS_SUBCATEGORY
dcat_feb214a60fdc,dcat_434188cc58bc,HAS_SUBCATEGORY
dcat_febcf65094eb,dcat_c1585ee9d5d2,HAS_SUBCATEGORY
dcat_fecd1fc9274c,dcat_f8c1f18e20e1,HAS_SUBCATEGORY
dcat_ffb2a4bdfa9c,dcat_c876c2dd2bc9,HAS_SUBCATEGORY
